/*M!999999\- enable the sandbox mode */ 
-- MariaDB dump 10.19  Distrib 10.11.14-MariaDB, for debian-linux-gnu (x86_64)
--
-- Host: 103.236.96.82    Database: finance_db
-- ------------------------------------------------------
-- Server version	8.0.46-0ubuntu0.22.04.3

/*!40101 SET @OLD_CHARACTER_SET_CLIENT=@@CHARACTER_SET_CLIENT */;
/*!40101 SET @OLD_CHARACTER_SET_RESULTS=@@CHARACTER_SET_RESULTS */;
/*!40101 SET @OLD_COLLATION_CONNECTION=@@COLLATION_CONNECTION */;
/*!40101 SET NAMES utf8mb4 */;
/*!40103 SET @OLD_TIME_ZONE=@@TIME_ZONE */;
/*!40103 SET TIME_ZONE='+00:00' */;
/*!40014 SET @OLD_FOREIGN_KEY_CHECKS=@@FOREIGN_KEY_CHECKS, FOREIGN_KEY_CHECKS=0 */;
/*!40101 SET @OLD_SQL_MODE=@@SQL_MODE, SQL_MODE='NO_AUTO_VALUE_ON_ZERO' */;
/*!40111 SET @OLD_SQL_NOTES=@@SQL_NOTES, SQL_NOTES=0 */;

--
-- Dumping data for table `sys_menu`
--

LOCK TABLES `sys_menu` WRITE;
/*!40000 ALTER TABLE `sys_menu` DISABLE KEYS */;
INSERT INTO `sys_menu` (`id`, `parent_id`, `menu_name`, `menu_type`, `path`, `component`, `perm_code`, `icon`, `sort_order`, `visible`, `status`, `create_time`, `update_time`, `deleted`) VALUES (1,0,'系统管理','M','system','Layout','','Setting',1,1,1,'2026-06-25 16:07:33','2026-06-26 15:35:16',0),
(2,0,'基础资料','M','base','Layout','','Files',2,1,1,'2026-06-25 16:07:33','2026-06-26 15:35:16',0),
(3,0,'总账','M','gl','Layout','','Notebook',3,1,1,'2026-06-25 16:07:33','2026-06-26 15:35:16',0),
(4,0,'出纳','M','cash','Layout','','Money',4,1,1,'2026-06-25 16:07:33','2026-06-26 15:35:16',0),
(5,0,'固定资产','M','fa','Layout','','Box',5,1,1,'2026-06-25 16:07:33','2026-06-26 15:35:16',0),
(6,0,'应收账款','M','ar','Layout','','CreditCard',6,1,1,'2026-06-25 16:07:33','2026-06-26 15:35:16',0),
(7,0,'应付账款','M','ap','Layout','','Wallet',7,1,1,'2026-06-25 16:07:33','2026-06-26 15:35:16',0),
(8,0,'存货核算','M','inventory','Layout','','Goods',8,1,1,'2026-06-25 16:07:33','2026-06-26 15:35:16',0),
(9,0,'成本管理','M','cost','Layout','','DataAnalysis',9,1,1,'2026-06-25 16:07:33','2026-06-26 15:35:16',0),
(10,0,'预算管理','M','budget','Layout','','TrendCharts',10,1,1,'2026-06-25 16:07:33','2026-06-26 15:35:16',0),
(11,0,'费用报销','M','expense','Layout','','Tickets',11,1,1,'2026-06-25 16:07:33','2026-06-26 15:35:16',0),
(12,0,'合同管理','M','contract','Layout','','Document',12,1,1,'2026-06-25 16:07:33','2026-06-26 15:35:16',0),
(13,0,'项目管理','M','project','Layout','','Connection',13,1,1,'2026-06-25 16:07:33','2026-06-26 15:35:16',0),
(14,0,'合并报表','M','consolidation','Layout','','Share',14,1,1,'2026-06-25 16:07:33','2026-06-26 15:35:16',0),
(15,0,'财务报表','M','report','Layout','','PieChart',15,1,1,'2026-06-25 16:07:33','2026-06-26 15:35:16',0),
(101,1,'用户管理','C','user','system/user/index','system:user:list','User',1,1,1,'2026-06-25 16:07:33','2026-06-25 16:07:33',0),
(102,1,'角色管理','C','role','system/role/index','system:role:list','UserFilled',2,1,1,'2026-06-25 16:07:33','2026-06-25 16:07:33',0),
(103,1,'菜单管理','C','menu','system/menu/index','system:menu:list','Menu',3,1,1,'2026-06-25 16:07:33','2026-06-25 16:07:33',0),
(104,1,'部门管理','C','dept','system/dept/index','system:dept:list','OfficeBuilding',4,1,1,'2026-06-25 16:07:33','2026-06-25 16:07:33',0),
(105,1,'字典管理','C','dict','system/dict/index','system:dict:list','Collection',5,1,1,'2026-06-25 16:07:33','2026-06-26 15:35:16',0),
(106,1,'参数设置','C','config','system/config/index','system:config:list','Tools',6,1,1,'2026-06-25 16:07:33','2026-06-26 15:35:16',0),
(107,1,'登录日志','C','loginLog','system/log/login','system:log:login','Document',7,1,1,'2026-06-25 16:07:33','2026-06-26 15:35:16',0),
(108,1,'操作日志','C','opLog','system/log/operation','system:log:operation','Edit',8,1,1,'2026-06-25 16:07:33','2026-06-26 15:35:16',0),
(109,1,'公司主体','C','company','system/company/index','system:company:list','School',9,1,1,'2026-06-25 16:07:33','2026-06-26 15:35:16',0),
(201,2,'会计科目','C','subject','gl/subject/index','gl:subject:list','List',1,1,1,'2026-06-25 16:07:33','2026-06-25 16:07:33',0),
(202,2,'辅助核算','C','aux','gl/auxiliary/index','gl:aux:list','CollectionTag',2,1,1,'2026-06-25 16:07:33','2026-06-25 16:07:33',0),
(203,2,'会计期间','C','period','gl/period/index','gl:period:list','Calendar',3,1,1,'2026-06-25 16:07:33','2026-06-25 16:07:33',0),
(204,2,'客户档案','C','customer','ar/customer/index','ar:customer:list','Avatar',4,1,1,'2026-06-25 16:07:33','2026-06-25 16:07:33',0),
(205,2,'供应商档案','C','supplier','ap/supplier/index','ap:supplier:list','Avatar',5,1,1,'2026-06-25 16:07:33','2026-06-25 16:07:33',0),
(206,2,'物料档案','C','item','inventory/item/index','inventory:item:list','Goods',6,1,1,'2026-06-25 16:07:33','2026-06-25 16:07:33',0),
(207,2,'仓库管理','C','warehouse','inventory/warehouse/index','inventory:warehouse:list','House',7,1,1,'2026-06-25 16:07:33','2026-06-25 16:07:33',0),
(301,3,'凭证录入','C','voucher','gl/voucher/index','gl:voucher:list','EditPen',1,1,1,'2026-06-25 16:07:33','2026-06-25 16:07:33',0),
(302,3,'凭证管理','C','voucherList','gl/voucher/list','gl:voucher:list','Document',2,1,1,'2026-06-25 16:07:33','2026-06-25 16:07:33',0),
(303,3,'账簿查询','C','ledger','gl/ledger/index','gl:ledger:list','Notebook',3,1,1,'2026-06-25 16:07:33','2026-06-25 16:07:33',0),
(304,3,'结账管理','C','closing','gl/closing/index','gl:closing:list','Lock',4,1,1,'2026-06-25 16:07:33','2026-06-25 16:07:33',0),
(305,3,'现金流量','C','cashFlow','gl/cashflow/index','gl:cashflow:list','Money',5,1,1,'2026-06-25 16:07:33','2026-06-25 16:07:33',0),
(306,301,'凭证新增','F','','','gl:voucher:add','',1,1,1,'2026-06-25 16:07:33','2026-06-25 16:07:33',0),
(307,301,'凭证修改','F','','','gl:voucher:edit','',2,1,1,'2026-06-25 16:07:33','2026-06-25 16:07:33',0),
(308,301,'凭证删除','F','','','gl:voucher:delete','',3,1,1,'2026-06-25 16:07:33','2026-06-25 16:07:33',0),
(309,301,'凭证审核','F','','','gl:voucher:audit','',4,1,1,'2026-06-25 16:07:33','2026-06-25 16:07:33',0),
(310,301,'凭证过账','F','','','gl:voucher:post','',5,1,1,'2026-06-25 16:07:33','2026-06-25 16:07:33',0),
(311,301,'凭证冲销','F','','','gl:voucher:reverse','',6,1,1,'2026-06-25 16:07:33','2026-06-25 16:07:33',0),
(401,4,'资金账户','C','account','cash/account/index','cash:account:list','CreditCard',1,1,1,'2026-06-25 16:07:33','2026-06-25 16:07:33',0),
(402,4,'日记账','C','journal','cash/journal/index','cash:journal:list','Notebook',2,1,1,'2026-06-25 16:07:33','2026-06-25 16:07:33',0),
(403,4,'银行对账','C','reconcile','cash/reconcile/index','cash:reconcile:list','Refresh',3,1,1,'2026-06-25 16:07:33','2026-06-25 16:07:33',0),
(404,4,'票据管理','C','bill','cash/bill/index','cash:bill:list','Ticket',4,1,1,'2026-06-25 16:07:33','2026-06-25 16:07:33',0),
(501,5,'资产类别','C','category','fa/category/index','fa:category:list','Menu',1,1,1,'2026-06-25 16:07:33','2026-06-25 16:07:33',0),
(502,5,'资产卡片','C','asset','fa/asset/index','fa:asset:list','Box',2,1,1,'2026-06-25 16:07:33','2026-06-25 16:07:33',0),
(503,5,'折旧管理','C','depreciation','fa/depreciation/index','fa:depreciation:list','TrendCharts',3,1,1,'2026-06-25 16:07:33','2026-06-25 16:07:33',0),
(504,5,'资产处置','C','disposal','fa/disposal/index','fa:disposal:list','Delete',4,1,1,'2026-06-25 16:07:33','2026-06-25 16:07:33',0),
(505,5,'资产盘点','C','inventory','fa/inventory/index','fa:inventory:list','List',5,1,1,'2026-06-25 16:07:33','2026-06-25 16:07:33',0),
(601,6,'销售发票','C','invoice','ar/invoice/index','ar:invoice:list','Tickets',1,1,1,'2026-06-25 16:07:33','2026-06-25 16:07:33',0),
(602,6,'收款单','C','receipt','ar/receipt/index','ar:receipt:list','Wallet',2,1,1,'2026-06-25 16:07:33','2026-06-25 16:07:33',0),
(603,6,'核销管理','C','writeoff','ar/writeoff/index','ar:writeoff:list','Connection',3,1,1,'2026-06-25 16:07:33','2026-06-25 16:07:33',0),
(604,6,'应收票据','C','bill','ar/bill/index','ar:bill:list','Money',4,1,1,'2026-06-25 16:07:33','2026-06-25 16:07:33',0),
(605,6,'账龄分析','C','aging','ar/aging/index','ar:aging:list','DataLine',5,1,1,'2026-06-25 16:07:33','2026-06-25 16:07:33',0),
(701,7,'采购发票','C','invoice','ap/invoice/index','ap:invoice:list','Tickets',1,1,1,'2026-06-25 16:07:33','2026-06-25 16:07:33',0),
(702,7,'付款单','C','payment','ap/payment/index','ap:payment:list','CreditCard',2,1,1,'2026-06-25 16:07:33','2026-06-25 16:07:33',0),
(703,7,'核销管理','C','writeoff','ap/writeoff/index','ap:writeoff:list','Connection',3,1,1,'2026-06-25 16:07:33','2026-06-25 16:07:33',0),
(704,7,'应付票据','C','bill','ap/bill/index','ap:bill:list','Money',4,1,1,'2026-06-25 16:07:33','2026-06-25 16:07:33',0),
(705,7,'账龄分析','C','aging','ap/aging/index','ap:aging:list','DataLine',5,1,1,'2026-06-25 16:07:33','2026-06-25 16:07:33',0),
(801,8,'收发存明细','C','transaction','inventory/transaction/index','inventory:trans:list','List',1,1,1,'2026-06-25 16:07:33','2026-06-25 16:07:33',0),
(802,8,'库存余额','C','balance','inventory/balance/index','inventory:balance:list','PieChart',2,1,1,'2026-06-25 16:07:33','2026-06-25 16:07:33',0),
(803,8,'成本调整','C','adjust','inventory/adjust/index','inventory:adjust:list','Tools',3,1,1,'2026-06-25 16:07:33','2026-06-25 16:07:33',0),
(901,9,'成本中心','C','center','cost/center/index','cost:center:list','OfficeBuilding',1,1,1,'2026-06-25 16:07:33','2026-06-25 16:07:33',0),
(902,9,'成本要素','C','element','cost/element/index','cost:element:list','Collection',2,1,1,'2026-06-25 16:07:33','2026-06-25 16:07:33',0),
(903,9,'成本计算','C','calc','cost/calc/index','cost:calc:list','DataAnalysis',3,1,1,'2026-06-25 16:07:33','2026-06-25 16:07:33',0),
(1001,10,'预算编制','C','budget','budget/master/index','budget:master:list','Edit',1,1,1,'2026-06-25 16:07:33','2026-06-25 16:07:33',0),
(1002,10,'预算执行','C','exec','budget/exec/index','budget:exec:list','TrendCharts',2,1,1,'2026-06-25 16:07:33','2026-06-25 16:07:33',0),
(1003,10,'预算分析','C','analysis','budget/analysis/index','budget:analysis:list','DataAnalysis',3,1,1,'2026-06-25 16:07:33','2026-06-25 16:07:33',0),
(1101,11,'我的申请','C','apply','expense/apply/index','expense:apply:list','EditPen',1,1,1,'2026-06-25 16:07:33','2026-06-25 16:07:33',0),
(1102,11,'我的报销','C','repay','expense/repay/index','expense:repay:list','Wallet',2,1,1,'2026-06-25 16:07:33','2026-06-25 16:07:33',0),
(1103,11,'我的借款','C','loan','expense/loan/index','expense:loan:list','CreditCard',3,1,1,'2026-06-25 16:07:33','2026-06-25 16:07:33',0),
(1201,12,'销售合同','C','sales','contract/sales/index','contract:sales:list','Document',1,1,1,'2026-06-25 16:07:33','2026-06-25 16:07:33',0),
(1202,12,'采购合同','C','purchase','contract/purchase/index','contract:purchase:list','Document',2,1,1,'2026-06-25 16:07:33','2026-06-25 16:07:33',0),
(1301,13,'项目列表','C','list','project/index','project:list','List',1,1,1,'2026-06-25 16:07:33','2026-06-25 16:07:33',0),
(1302,13,'项目预算','C','budget','project/budget/index','project:budget:list','Money',2,1,1,'2026-06-25 16:07:33','2026-06-25 16:07:33',0),
(1303,13,'项目成本','C','cost','project/cost/index','project:cost:list','DataAnalysis',3,1,1,'2026-06-25 16:07:33','2026-06-25 16:07:33',0),
(1401,14,'集团架构','C','group','consolidation/group/index','consolidation:group:list','Connection',1,1,1,'2026-06-25 16:07:33','2026-06-25 16:07:33',0),
(1402,14,'抵消分录','C','elim','consolidation/elim/index','consolidation:elim:list','Remove',2,1,1,'2026-06-25 16:07:33','2026-06-25 16:07:33',0),
(1403,14,'合并底稿','C','worksheet','consolidation/worksheet/index','consolidation:worksheet:list','DataLine',3,1,1,'2026-06-25 16:07:33','2026-06-25 16:07:33',0),
(1501,15,'资产负债表','C','bs','report/bs/index','report:bs','PieChart',1,1,1,'2026-06-25 16:07:33','2026-06-26 16:12:47',0),
(1502,15,'利润表','C','is','report/is/index','report:is','DataLine',2,1,1,'2026-06-25 16:07:33','2026-06-26 16:12:47',0),
(1503,15,'现金流量表','C','cf','report/cf/index','report:cf','Money',3,1,1,'2026-06-25 16:07:33','2026-06-26 16:12:47',0),
(1504,15,'自定义报表','C','report/custom','report/Custom','report:custom','EditPen',4,1,1,'2026-06-25 16:07:33','2026-06-26 15:09:54',0),
(1505,1,'system:user:add权限','button',NULL,NULL,'system:user:add',NULL,99,0,1,'2026-06-26 13:22:26','2026-06-26 13:22:26',0),
(1506,1,'system:user:edit权限','button',NULL,NULL,'system:user:edit',NULL,99,0,1,'2026-06-26 13:22:26','2026-06-26 13:22:26',0),
(1507,1,'system:user:delete权限','button',NULL,NULL,'system:user:delete',NULL,99,0,1,'2026-06-26 13:22:26','2026-06-26 13:22:26',0),
(1508,1,'system:user:resetPwd权限','button',NULL,NULL,'system:user:resetPwd',NULL,99,0,1,'2026-06-26 13:22:26','2026-06-26 13:22:26',0),
(1509,1,'system:role:add权限','button',NULL,NULL,'system:role:add',NULL,99,0,1,'2026-06-26 13:22:26','2026-06-26 13:22:26',0),
(1510,1,'system:role:edit权限','button',NULL,NULL,'system:role:edit',NULL,99,0,1,'2026-06-26 13:22:26','2026-06-26 13:22:26',0),
(1511,1,'system:role:delete权限','button',NULL,NULL,'system:role:delete',NULL,99,0,1,'2026-06-26 13:22:26','2026-06-26 13:22:26',0),
(1512,1,'system:menu:add权限','button',NULL,NULL,'system:menu:add',NULL,99,0,1,'2026-06-26 13:22:26','2026-06-26 13:22:26',0),
(1513,1,'system:menu:edit权限','button',NULL,NULL,'system:menu:edit',NULL,99,0,1,'2026-06-26 13:22:26','2026-06-26 13:22:26',0),
(1514,1,'system:menu:delete权限','button',NULL,NULL,'system:menu:delete',NULL,99,0,1,'2026-06-26 13:22:26','2026-06-26 13:22:26',0),
(1515,1,'system:dept:add权限','button',NULL,NULL,'system:dept:add',NULL,99,0,1,'2026-06-26 13:22:26','2026-06-26 13:22:26',0),
(1516,1,'system:dept:edit权限','button',NULL,NULL,'system:dept:edit',NULL,99,0,1,'2026-06-26 13:22:26','2026-06-26 13:22:26',0),
(1517,1,'system:dept:delete权限','button',NULL,NULL,'system:dept:delete',NULL,99,0,1,'2026-06-26 13:22:26','2026-06-26 13:22:26',0),
(1518,1,'system:dict:add权限','button',NULL,NULL,'system:dict:add',NULL,99,0,1,'2026-06-26 13:22:26','2026-06-26 13:22:26',0),
(1519,1,'system:dict:edit权限','button',NULL,NULL,'system:dict:edit',NULL,99,0,1,'2026-06-26 13:22:26','2026-06-26 13:22:26',0),
(1520,1,'system:dict:delete权限','button',NULL,NULL,'system:dict:delete',NULL,99,0,1,'2026-06-26 13:22:26','2026-06-26 13:22:26',0),
(1521,1,'system:config:add权限','button',NULL,NULL,'system:config:add',NULL,99,0,1,'2026-06-26 13:22:26','2026-06-26 13:22:26',0),
(1522,1,'system:config:edit权限','button',NULL,NULL,'system:config:edit',NULL,99,0,1,'2026-06-26 13:22:27','2026-06-26 13:22:27',0),
(1523,1,'system:config:delete权限','button',NULL,NULL,'system:config:delete',NULL,99,0,1,'2026-06-26 13:22:27','2026-06-26 13:22:27',0),
(1524,1,'system:company:add权限','button',NULL,NULL,'system:company:add',NULL,99,0,1,'2026-06-26 13:22:27','2026-06-26 13:22:27',0),
(1525,1,'system:company:edit权限','button',NULL,NULL,'system:company:edit',NULL,99,0,1,'2026-06-26 13:22:27','2026-06-26 13:22:27',0),
(1526,1,'system:company:delete权限','button',NULL,NULL,'system:company:delete',NULL,99,0,1,'2026-06-26 13:22:27','2026-06-26 13:22:27',0),
(1527,2,'gl:subject:add权限','button',NULL,NULL,'gl:subject:add',NULL,99,0,1,'2026-06-26 13:22:27','2026-06-26 13:22:27',0),
(1528,2,'gl:subject:edit权限','button',NULL,NULL,'gl:subject:edit',NULL,99,0,1,'2026-06-26 13:22:27','2026-06-26 13:22:27',0),
(1529,2,'gl:subject:delete权限','button',NULL,NULL,'gl:subject:delete',NULL,99,0,1,'2026-06-26 13:22:27','2026-06-26 13:22:27',0),
(1530,2,'gl:aux:add权限','button',NULL,NULL,'gl:aux:add',NULL,99,0,1,'2026-06-26 13:22:27','2026-06-26 13:22:27',0),
(1531,2,'gl:aux:edit权限','button',NULL,NULL,'gl:aux:edit',NULL,99,0,1,'2026-06-26 13:22:27','2026-06-26 13:22:27',0),
(1532,2,'gl:aux:delete权限','button',NULL,NULL,'gl:aux:delete',NULL,99,0,1,'2026-06-26 13:22:27','2026-06-26 13:22:27',0),
(1533,2,'gl:period:add权限','button',NULL,NULL,'gl:period:add',NULL,99,0,1,'2026-06-26 13:22:27','2026-06-26 13:22:27',0),
(1534,2,'gl:period:edit权限','button',NULL,NULL,'gl:period:edit',NULL,99,0,1,'2026-06-26 13:22:27','2026-06-26 13:22:27',0),
(1535,2,'gl:period:delete权限','button',NULL,NULL,'gl:period:delete',NULL,99,0,1,'2026-06-26 13:22:27','2026-06-26 13:22:27',0),
(1536,2,'ar:customer:add权限','button',NULL,NULL,'ar:customer:add',NULL,99,0,1,'2026-06-26 13:22:27','2026-06-26 13:22:27',0),
(1537,2,'ar:customer:edit权限','button',NULL,NULL,'ar:customer:edit',NULL,99,0,1,'2026-06-26 13:22:27','2026-06-26 13:22:27',0),
(1538,2,'ar:customer:delete权限','button',NULL,NULL,'ar:customer:delete',NULL,99,0,1,'2026-06-26 13:22:27','2026-06-26 13:22:27',0),
(1539,6,'ar:invoice:add权限','button',NULL,NULL,'ar:invoice:add',NULL,99,0,1,'2026-06-26 13:22:27','2026-06-26 13:22:27',0),
(1540,6,'ar:invoice:edit权限','button',NULL,NULL,'ar:invoice:edit',NULL,99,0,1,'2026-06-26 13:22:27','2026-06-26 13:22:27',0),
(1541,6,'ar:invoice:delete权限','button',NULL,NULL,'ar:invoice:delete',NULL,99,0,1,'2026-06-26 13:22:27','2026-06-26 13:22:27',0),
(1542,6,'ar:receipt:add权限','button',NULL,NULL,'ar:receipt:add',NULL,99,0,1,'2026-06-26 13:22:27','2026-06-26 13:22:27',0),
(1543,6,'ar:receipt:edit权限','button',NULL,NULL,'ar:receipt:edit',NULL,99,0,1,'2026-06-26 13:22:27','2026-06-26 13:22:27',0),
(1544,6,'ar:receipt:delete权限','button',NULL,NULL,'ar:receipt:delete',NULL,99,0,1,'2026-06-26 13:22:28','2026-06-26 13:22:28',0),
(1545,6,'ar:writeoff:add权限','button',NULL,NULL,'ar:writeoff:add',NULL,99,0,1,'2026-06-26 13:22:28','2026-06-26 13:22:28',0),
(1546,6,'ar:writeoff:edit权限','button',NULL,NULL,'ar:writeoff:edit',NULL,99,0,1,'2026-06-26 13:22:28','2026-06-26 13:22:28',0),
(1547,6,'ar:writeoff:delete权限','button',NULL,NULL,'ar:writeoff:delete',NULL,99,0,1,'2026-06-26 13:22:28','2026-06-26 13:22:28',0),
(1548,6,'ar:bill:add权限','button',NULL,NULL,'ar:bill:add',NULL,99,0,1,'2026-06-26 13:22:28','2026-06-26 13:22:28',0),
(1549,6,'ar:bill:edit权限','button',NULL,NULL,'ar:bill:edit',NULL,99,0,1,'2026-06-26 13:22:28','2026-06-26 13:22:28',0),
(1550,6,'ar:bill:delete权限','button',NULL,NULL,'ar:bill:delete',NULL,99,0,1,'2026-06-26 13:22:28','2026-06-26 13:22:28',0),
(1551,2,'ap:supplier:add权限','button',NULL,NULL,'ap:supplier:add',NULL,99,0,1,'2026-06-26 13:22:28','2026-06-26 13:22:28',0),
(1552,2,'ap:supplier:edit权限','button',NULL,NULL,'ap:supplier:edit',NULL,99,0,1,'2026-06-26 13:22:28','2026-06-26 13:22:28',0),
(1553,2,'ap:supplier:delete权限','button',NULL,NULL,'ap:supplier:delete',NULL,99,0,1,'2026-06-26 13:22:28','2026-06-26 13:22:28',0),
(1554,7,'ap:invoice:add权限','button',NULL,NULL,'ap:invoice:add',NULL,99,0,1,'2026-06-26 13:22:28','2026-06-26 13:22:28',0),
(1555,7,'ap:invoice:edit权限','button',NULL,NULL,'ap:invoice:edit',NULL,99,0,1,'2026-06-26 13:22:28','2026-06-26 13:22:28',0),
(1556,7,'ap:invoice:delete权限','button',NULL,NULL,'ap:invoice:delete',NULL,99,0,1,'2026-06-26 13:22:28','2026-06-26 13:22:28',0),
(1557,7,'ap:payment:add权限','button',NULL,NULL,'ap:payment:add',NULL,99,0,1,'2026-06-26 13:22:28','2026-06-26 13:22:28',0),
(1558,7,'ap:payment:edit权限','button',NULL,NULL,'ap:payment:edit',NULL,99,0,1,'2026-06-26 13:22:28','2026-06-26 13:22:28',0),
(1559,7,'ap:payment:delete权限','button',NULL,NULL,'ap:payment:delete',NULL,99,0,1,'2026-06-26 13:22:28','2026-06-26 13:22:28',0),
(1560,7,'ap:writeoff:add权限','button',NULL,NULL,'ap:writeoff:add',NULL,99,0,1,'2026-06-26 13:22:28','2026-06-26 13:22:28',0),
(1561,7,'ap:writeoff:edit权限','button',NULL,NULL,'ap:writeoff:edit',NULL,99,0,1,'2026-06-26 13:22:28','2026-06-26 13:22:28',0),
(1562,7,'ap:writeoff:delete权限','button',NULL,NULL,'ap:writeoff:delete',NULL,99,0,1,'2026-06-26 13:22:29','2026-06-26 13:22:29',0),
(1563,7,'ap:bill:add权限','button',NULL,NULL,'ap:bill:add',NULL,99,0,1,'2026-06-26 13:22:29','2026-06-26 13:22:29',0),
(1564,7,'ap:bill:edit权限','button',NULL,NULL,'ap:bill:edit',NULL,99,0,1,'2026-06-26 13:22:29','2026-06-26 13:22:29',0),
(1565,7,'ap:bill:delete权限','button',NULL,NULL,'ap:bill:delete',NULL,99,0,1,'2026-06-26 13:22:29','2026-06-26 13:22:29',0),
(1566,2,'inventory:item:add权限','button',NULL,NULL,'inventory:item:add',NULL,99,0,1,'2026-06-26 13:22:29','2026-06-26 13:22:29',0),
(1567,2,'inventory:item:edit权限','button',NULL,NULL,'inventory:item:edit',NULL,99,0,1,'2026-06-26 13:22:29','2026-06-26 13:22:29',0),
(1568,2,'inventory:item:delete权限','button',NULL,NULL,'inventory:item:delete',NULL,99,0,1,'2026-06-26 13:22:29','2026-06-26 13:22:29',0),
(1569,2,'inventory:warehouse:add权限','button',NULL,NULL,'inventory:warehouse:add',NULL,99,0,1,'2026-06-26 13:22:29','2026-06-26 13:22:29',0),
(1570,2,'inventory:warehouse:edit权限','button',NULL,NULL,'inventory:warehouse:edit',NULL,99,0,1,'2026-06-26 13:22:29','2026-06-26 13:22:29',0),
(1571,2,'inventory:warehouse:delete权限','button',NULL,NULL,'inventory:warehouse:delete',NULL,99,0,1,'2026-06-26 13:22:29','2026-06-26 13:22:29',0),
(1572,8,'inventory:trans:add权限','button',NULL,NULL,'inventory:trans:add',NULL,99,0,1,'2026-06-26 13:22:29','2026-06-26 13:22:29',0),
(1573,8,'inventory:trans:edit权限','button',NULL,NULL,'inventory:trans:edit',NULL,99,0,1,'2026-06-26 13:22:29','2026-06-26 13:22:29',0),
(1574,8,'inventory:trans:delete权限','button',NULL,NULL,'inventory:trans:delete',NULL,99,0,1,'2026-06-26 13:22:29','2026-06-26 13:22:29',0),
(1575,8,'inventory:adjust:add权限','button',NULL,NULL,'inventory:adjust:add',NULL,99,0,1,'2026-06-26 13:22:29','2026-06-26 13:22:29',0),
(1576,8,'inventory:adjust:edit权限','button',NULL,NULL,'inventory:adjust:edit',NULL,99,0,1,'2026-06-26 13:22:29','2026-06-26 13:22:29',0),
(1577,8,'inventory:adjust:delete权限','button',NULL,NULL,'inventory:adjust:delete',NULL,99,0,1,'2026-06-26 13:22:29','2026-06-26 13:22:29',0),
(1578,4,'cash:account:add权限','button',NULL,NULL,'cash:account:add',NULL,99,0,1,'2026-06-26 13:22:29','2026-06-26 13:22:29',0),
(1579,4,'cash:account:edit权限','button',NULL,NULL,'cash:account:edit',NULL,99,0,1,'2026-06-26 13:22:29','2026-06-26 13:22:29',0),
(1580,4,'cash:account:delete权限','button',NULL,NULL,'cash:account:delete',NULL,99,0,1,'2026-06-26 13:22:29','2026-06-26 13:22:29',0),
(1581,4,'cash:journal:add权限','button',NULL,NULL,'cash:journal:add',NULL,99,0,1,'2026-06-26 13:22:29','2026-06-26 13:22:29',0),
(1582,4,'cash:journal:edit权限','button',NULL,NULL,'cash:journal:edit',NULL,99,0,1,'2026-06-26 13:22:29','2026-06-26 13:22:29',0),
(1583,4,'cash:journal:delete权限','button',NULL,NULL,'cash:journal:delete',NULL,99,0,1,'2026-06-26 13:22:29','2026-06-26 13:22:29',0),
(1584,4,'cash:reconcile:add权限','button',NULL,NULL,'cash:reconcile:add',NULL,99,0,1,'2026-06-26 13:22:29','2026-06-26 13:22:29',0),
(1585,4,'cash:reconcile:edit权限','button',NULL,NULL,'cash:reconcile:edit',NULL,99,0,1,'2026-06-26 13:22:30','2026-06-26 13:22:30',0),
(1586,4,'cash:reconcile:delete权限','button',NULL,NULL,'cash:reconcile:delete',NULL,99,0,1,'2026-06-26 13:22:30','2026-06-26 13:22:30',0),
(1587,4,'cash:bill:add权限','button',NULL,NULL,'cash:bill:add',NULL,99,0,1,'2026-06-26 13:22:30','2026-06-26 13:22:30',0),
(1588,4,'cash:bill:edit权限','button',NULL,NULL,'cash:bill:edit',NULL,99,0,1,'2026-06-26 13:22:30','2026-06-26 13:22:30',0),
(1589,4,'cash:bill:delete权限','button',NULL,NULL,'cash:bill:delete',NULL,99,0,1,'2026-06-26 13:22:30','2026-06-26 13:22:30',0),
(1590,5,'fa:category:add权限','button',NULL,NULL,'fa:category:add',NULL,99,0,1,'2026-06-26 13:22:30','2026-06-26 13:22:30',0),
(1591,5,'fa:category:edit权限','button',NULL,NULL,'fa:category:edit',NULL,99,0,1,'2026-06-26 13:22:30','2026-06-26 13:22:30',0),
(1592,5,'fa:category:delete权限','button',NULL,NULL,'fa:category:delete',NULL,99,0,1,'2026-06-26 13:22:30','2026-06-26 13:22:30',0),
(1593,5,'fa:asset:add权限','button',NULL,NULL,'fa:asset:add',NULL,99,0,1,'2026-06-26 13:22:30','2026-06-26 13:22:30',0),
(1594,5,'fa:asset:edit权限','button',NULL,NULL,'fa:asset:edit',NULL,99,0,1,'2026-06-26 13:22:30','2026-06-26 13:22:30',0),
(1595,5,'fa:asset:delete权限','button',NULL,NULL,'fa:asset:delete',NULL,99,0,1,'2026-06-26 13:22:30','2026-06-26 13:22:30',0),
(1596,5,'fa:depreciation:add权限','button',NULL,NULL,'fa:depreciation:add',NULL,99,0,1,'2026-06-26 13:22:30','2026-06-26 13:22:30',0),
(1597,5,'fa:depreciation:edit权限','button',NULL,NULL,'fa:depreciation:edit',NULL,99,0,1,'2026-06-26 13:22:30','2026-06-26 13:22:30',0),
(1598,5,'fa:depreciation:delete权限','button',NULL,NULL,'fa:depreciation:delete',NULL,99,0,1,'2026-06-26 13:22:30','2026-06-26 13:22:30',0),
(1599,5,'fa:disposal:add权限','button',NULL,NULL,'fa:disposal:add',NULL,99,0,1,'2026-06-26 13:22:30','2026-06-26 13:22:30',0),
(1600,5,'fa:disposal:edit权限','button',NULL,NULL,'fa:disposal:edit',NULL,99,0,1,'2026-06-26 13:22:30','2026-06-26 13:22:30',0),
(1601,5,'fa:disposal:delete权限','button',NULL,NULL,'fa:disposal:delete',NULL,99,0,1,'2026-06-26 13:22:30','2026-06-26 13:22:30',0),
(1602,5,'fa:inventory:add权限','button',NULL,NULL,'fa:inventory:add',NULL,99,0,1,'2026-06-26 13:22:30','2026-06-26 13:22:30',0),
(1603,5,'fa:inventory:edit权限','button',NULL,NULL,'fa:inventory:edit',NULL,99,0,1,'2026-06-26 13:22:30','2026-06-26 13:22:30',0),
(1604,5,'fa:inventory:delete权限','button',NULL,NULL,'fa:inventory:delete',NULL,99,0,1,'2026-06-26 13:22:30','2026-06-26 13:22:30',0),
(1605,9,'cost:center:add权限','button',NULL,NULL,'cost:center:add',NULL,99,0,1,'2026-06-26 13:22:30','2026-06-26 13:22:30',0),
(1606,9,'cost:center:edit权限','button',NULL,NULL,'cost:center:edit',NULL,99,0,1,'2026-06-26 13:22:30','2026-06-26 13:22:30',0),
(1607,9,'cost:center:delete权限','button',NULL,NULL,'cost:center:delete',NULL,99,0,1,'2026-06-26 13:22:30','2026-06-26 13:22:30',0),
(1608,9,'cost:element:add权限','button',NULL,NULL,'cost:element:add',NULL,99,0,1,'2026-06-26 13:22:30','2026-06-26 13:22:30',0),
(1609,9,'cost:element:edit权限','button',NULL,NULL,'cost:element:edit',NULL,99,0,1,'2026-06-26 13:22:31','2026-06-26 13:22:31',0),
(1610,9,'cost:element:delete权限','button',NULL,NULL,'cost:element:delete',NULL,99,0,1,'2026-06-26 13:22:31','2026-06-26 13:22:31',0),
(1611,9,'cost:calc:add权限','button',NULL,NULL,'cost:calc:add',NULL,99,0,1,'2026-06-26 13:22:31','2026-06-26 13:22:31',0),
(1612,9,'cost:calc:edit权限','button',NULL,NULL,'cost:calc:edit',NULL,99,0,1,'2026-06-26 13:22:31','2026-06-26 13:22:31',0),
(1613,9,'cost:calc:delete权限','button',NULL,NULL,'cost:calc:delete',NULL,99,0,1,'2026-06-26 13:22:31','2026-06-26 13:22:31',0),
(1614,10,'budget:master:add权限','button',NULL,NULL,'budget:master:add',NULL,99,0,1,'2026-06-26 13:22:31','2026-06-26 13:22:31',0),
(1615,10,'budget:master:edit权限','button',NULL,NULL,'budget:master:edit',NULL,99,0,1,'2026-06-26 13:22:31','2026-06-26 13:22:31',0),
(1616,10,'budget:master:delete权限','button',NULL,NULL,'budget:master:delete',NULL,99,0,1,'2026-06-26 13:22:31','2026-06-26 13:22:31',0),
(1617,10,'budget:exec:add权限','button',NULL,NULL,'budget:exec:add',NULL,99,0,1,'2026-06-26 13:22:31','2026-06-26 13:22:31',0),
(1618,10,'budget:exec:edit权限','button',NULL,NULL,'budget:exec:edit',NULL,99,0,1,'2026-06-26 13:22:31','2026-06-26 13:22:31',0),
(1619,10,'budget:exec:delete权限','button',NULL,NULL,'budget:exec:delete',NULL,99,0,1,'2026-06-26 13:22:31','2026-06-26 13:22:31',0),
(1620,11,'expense:apply:add权限','button',NULL,NULL,'expense:apply:add',NULL,99,0,1,'2026-06-26 13:22:31','2026-06-26 13:22:31',0),
(1621,11,'expense:apply:edit权限','button',NULL,NULL,'expense:apply:edit',NULL,99,0,1,'2026-06-26 13:22:31','2026-06-26 13:22:31',0),
(1622,11,'expense:apply:delete权限','button',NULL,NULL,'expense:apply:delete',NULL,99,0,1,'2026-06-26 13:22:31','2026-06-26 13:22:31',0),
(1623,11,'expense:repay:add权限','button',NULL,NULL,'expense:repay:add',NULL,99,0,1,'2026-06-26 13:22:31','2026-06-26 13:22:31',0),
(1624,11,'expense:repay:edit权限','button',NULL,NULL,'expense:repay:edit',NULL,99,0,1,'2026-06-26 13:22:31','2026-06-26 13:22:31',0),
(1625,11,'expense:repay:delete权限','button',NULL,NULL,'expense:repay:delete',NULL,99,0,1,'2026-06-26 13:22:31','2026-06-26 13:22:31',0),
(1626,11,'expense:loan:add权限','button',NULL,NULL,'expense:loan:add',NULL,99,0,1,'2026-06-26 13:22:31','2026-06-26 13:22:31',0),
(1627,11,'expense:loan:edit权限','button',NULL,NULL,'expense:loan:edit',NULL,99,0,1,'2026-06-26 13:22:31','2026-06-26 13:22:31',0),
(1628,11,'expense:loan:delete权限','button',NULL,NULL,'expense:loan:delete',NULL,99,0,1,'2026-06-26 13:22:31','2026-06-26 13:22:31',0),
(1629,12,'contract:sales:add权限','button',NULL,NULL,'contract:sales:add',NULL,99,0,1,'2026-06-26 13:22:31','2026-06-26 13:22:31',0),
(1630,12,'contract:sales:edit权限','button',NULL,NULL,'contract:sales:edit',NULL,99,0,1,'2026-06-26 13:22:31','2026-06-26 13:22:31',0),
(1631,12,'contract:sales:delete权限','button',NULL,NULL,'contract:sales:delete',NULL,99,0,1,'2026-06-26 13:22:31','2026-06-26 13:22:31',0),
(1632,12,'contract:purchase:add权限','button',NULL,NULL,'contract:purchase:add',NULL,99,0,1,'2026-06-26 13:22:31','2026-06-26 13:22:31',0),
(1633,12,'contract:purchase:edit权限','button',NULL,NULL,'contract:purchase:edit',NULL,99,0,1,'2026-06-26 13:22:32','2026-06-26 13:22:32',0),
(1634,12,'contract:purchase:delete权限','button',NULL,NULL,'contract:purchase:delete',NULL,99,0,1,'2026-06-26 13:22:32','2026-06-26 13:22:32',0),
(1635,13,'project:add权限','button',NULL,NULL,'project:add',NULL,99,0,1,'2026-06-26 13:22:32','2026-06-26 13:22:32',0),
(1636,13,'project:edit权限','button',NULL,NULL,'project:edit',NULL,99,0,1,'2026-06-26 13:22:32','2026-06-26 13:22:32',0),
(1637,13,'project:delete权限','button',NULL,NULL,'project:delete',NULL,99,0,1,'2026-06-26 13:22:32','2026-06-26 13:22:32',0),
(1638,13,'project:budget:add权限','button',NULL,NULL,'project:budget:add',NULL,99,0,1,'2026-06-26 13:22:32','2026-06-26 13:22:32',0),
(1639,13,'project:budget:edit权限','button',NULL,NULL,'project:budget:edit',NULL,99,0,1,'2026-06-26 13:22:32','2026-06-26 13:22:32',0),
(1640,13,'project:budget:delete权限','button',NULL,NULL,'project:budget:delete',NULL,99,0,1,'2026-06-26 13:22:32','2026-06-26 13:22:32',0),
(1641,13,'project:cost:add权限','button',NULL,NULL,'project:cost:add',NULL,99,0,1,'2026-06-26 13:22:32','2026-06-26 13:22:32',0),
(1642,13,'project:cost:edit权限','button',NULL,NULL,'project:cost:edit',NULL,99,0,1,'2026-06-26 13:22:32','2026-06-26 13:22:32',0),
(1643,13,'project:cost:delete权限','button',NULL,NULL,'project:cost:delete',NULL,99,0,1,'2026-06-26 13:22:32','2026-06-26 13:22:32',0),
(1644,14,'consolidation:group:add权限','button',NULL,NULL,'consolidation:group:add',NULL,99,0,1,'2026-06-26 13:22:32','2026-06-26 13:22:32',0),
(1645,14,'consolidation:group:edit权限','button',NULL,NULL,'consolidation:group:edit',NULL,99,0,1,'2026-06-26 13:22:32','2026-06-26 13:22:32',0),
(1646,14,'consolidation:group:delete权限','button',NULL,NULL,'consolidation:group:delete',NULL,99,0,1,'2026-06-26 13:22:32','2026-06-26 13:22:32',0),
(1647,14,'consolidation:elim:add权限','button',NULL,NULL,'consolidation:elim:add',NULL,99,0,1,'2026-06-26 13:22:32','2026-06-26 13:22:32',0),
(1648,14,'consolidation:elim:edit权限','button',NULL,NULL,'consolidation:elim:edit',NULL,99,0,1,'2026-06-26 13:22:32','2026-06-26 13:22:32',0),
(1649,14,'consolidation:elim:delete权限','button',NULL,NULL,'consolidation:elim:delete',NULL,99,0,1,'2026-06-26 13:22:32','2026-06-26 13:22:32',0),
(1650,14,'consolidation:worksheet:add权限','button',NULL,NULL,'consolidation:worksheet:add',NULL,99,0,1,'2026-06-26 13:22:32','2026-06-26 13:22:32',0),
(1651,14,'consolidation:worksheet:edit权限','button',NULL,NULL,'consolidation:worksheet:edit',NULL,99,0,1,'2026-06-26 13:22:32','2026-06-26 13:22:32',0),
(1652,14,'consolidation:worksheet:delete权限','button',NULL,NULL,'consolidation:worksheet:delete',NULL,99,0,1,'2026-06-26 13:22:32','2026-06-26 13:22:32',0),
(1653,1654,'增值税申报','C','vat','tax/Vat','tax:vat','Tickets',1,1,1,'2026-06-26 14:38:40','2026-06-26 15:35:18',0),
(1654,0,'税务管理','M','tax','Layout',NULL,'el-icon-document',17,1,1,'2026-06-26 15:10:01','2026-06-26 16:00:06',0),
(1655,0,'M2590','M','/2590','a',NULL,NULL,0,1,1,'2026-06-26 16:49:43','2026-06-26 16:49:43',0),
(1656,0,'M2623','M','/2623','a',NULL,NULL,0,1,1,'2026-06-26 16:50:15','2026-06-26 16:50:15',0);
/*!40000 ALTER TABLE `sys_menu` ENABLE KEYS */;
UNLOCK TABLES;

--
-- Dumping data for table `sys_role_menu`
--

LOCK TABLES `sys_role_menu` WRITE;
/*!40000 ALTER TABLE `sys_role_menu` DISABLE KEYS */;
INSERT INTO `sys_role_menu` (`role_id`, `menu_id`) VALUES (1,1),
(1,2),
(1,3),
(1,4),
(1,5),
(1,6),
(1,7),
(1,8),
(1,9),
(1,10),
(1,11),
(1,12),
(1,13),
(1,14),
(1,15),
(1,101),
(1,102),
(1,103),
(1,104),
(1,105),
(1,106),
(1,107),
(1,108),
(1,109),
(1,201),
(1,202),
(1,203),
(1,204),
(1,205),
(1,206),
(1,207),
(1,301),
(1,302),
(1,303),
(1,304),
(1,305),
(1,306),
(1,307),
(1,308),
(1,309),
(1,310),
(1,311),
(1,401),
(1,402),
(1,403),
(1,404),
(1,501),
(1,502),
(1,503),
(1,504),
(1,505),
(1,601),
(1,602),
(1,603),
(1,604),
(1,605),
(1,701),
(1,702),
(1,703),
(1,704),
(1,705),
(1,801),
(1,802),
(1,803),
(1,901),
(1,902),
(1,903),
(1,1001),
(1,1002),
(1,1003),
(1,1101),
(1,1102),
(1,1103),
(1,1201),
(1,1202),
(1,1301),
(1,1302),
(1,1303),
(1,1401),
(1,1402),
(1,1403),
(1,1501),
(1,1502),
(1,1503),
(1,1504),
(1,1505),
(1,1506),
(1,1507),
(1,1508),
(1,1509),
(1,1510),
(1,1511),
(1,1512),
(1,1513),
(1,1514),
(1,1515),
(1,1516),
(1,1517),
(1,1518),
(1,1519),
(1,1520),
(1,1521),
(1,1522),
(1,1523),
(1,1524),
(1,1525),
(1,1526),
(1,1527),
(1,1528),
(1,1529),
(1,1530),
(1,1531),
(1,1532),
(1,1533),
(1,1534),
(1,1535),
(1,1536),
(1,1537),
(1,1538),
(1,1539),
(1,1540),
(1,1541),
(1,1542),
(1,1543),
(1,1544),
(1,1545),
(1,1546),
(1,1547),
(1,1548),
(1,1549),
(1,1550),
(1,1551),
(1,1552),
(1,1553),
(1,1554),
(1,1555),
(1,1556),
(1,1557),
(1,1558),
(1,1559),
(1,1560),
(1,1561),
(1,1562),
(1,1563),
(1,1564),
(1,1565),
(1,1566),
(1,1567),
(1,1568),
(1,1569),
(1,1570),
(1,1571),
(1,1572),
(1,1573),
(1,1574),
(1,1575),
(1,1576),
(1,1577),
(1,1578),
(1,1579),
(1,1580),
(1,1581),
(1,1582),
(1,1583),
(1,1584),
(1,1585),
(1,1586),
(1,1587),
(1,1588),
(1,1589),
(1,1590),
(1,1591),
(1,1592),
(1,1593),
(1,1594),
(1,1595),
(1,1596),
(1,1597),
(1,1598),
(1,1599),
(1,1600),
(1,1601),
(1,1602),
(1,1603),
(1,1604),
(1,1605),
(1,1606),
(1,1607),
(1,1608),
(1,1609),
(1,1610),
(1,1611),
(1,1612),
(1,1613),
(1,1614),
(1,1615),
(1,1616),
(1,1617),
(1,1618),
(1,1619),
(1,1620),
(1,1621),
(1,1622),
(1,1623),
(1,1624),
(1,1625),
(1,1626),
(1,1627),
(1,1628),
(1,1629),
(1,1630),
(1,1631),
(1,1632),
(1,1633),
(1,1634),
(1,1635),
(1,1636),
(1,1637),
(1,1638),
(1,1639),
(1,1640),
(1,1641),
(1,1642),
(1,1643),
(1,1644),
(1,1645),
(1,1646),
(1,1647),
(1,1648),
(1,1649),
(1,1650),
(1,1651),
(1,1652),
(1,1653),
(1,1654);
/*!40000 ALTER TABLE `sys_role_menu` ENABLE KEYS */;
UNLOCK TABLES;

--
-- Dumping data for table `gl_account_subject`
--

LOCK TABLES `gl_account_subject` WRITE;
/*!40000 ALTER TABLE `gl_account_subject` DISABLE KEYS */;
INSERT INTO `gl_account_subject` (`id`, `subject_code`, `subject_name`, `parent_id`, `parent_code`, `category_code`, `level`, `is_leaf`, `balance_direction`, `aux_customer`, `aux_supplier`, `aux_dept`, `aux_project`, `aux_employee`, `aux_product`, `currency_code`, `quantity_unit`, `is_cash_flow`, `cash_flow_dir`, `status`, `is_system`, `remark`, `create_time`, `update_time`, `deleted`) VALUES (136,'1001','库存现金',0,NULL,'ASSET',1,1,'借方',0,0,0,0,0,0,'CNY',NULL,0,NULL,1,1,NULL,'2026-06-25 16:07:33','2026-06-25 16:49:10',0),
(137,'1002','银行存款',0,NULL,'ASSET',1,1,'借方',0,0,0,0,0,0,'CNY',NULL,0,NULL,1,1,NULL,'2026-06-25 16:07:33','2026-06-25 16:49:10',0),
(138,'1012','其他货币资金',0,NULL,'ASSET',1,1,'借方',0,0,0,0,0,0,'CNY',NULL,0,NULL,1,1,NULL,'2026-06-25 16:07:33','2026-06-25 16:49:10',0),
(139,'1101','交易性金融资产',0,NULL,'ASSET',1,1,'借方',0,0,0,0,0,0,'CNY',NULL,0,NULL,1,1,NULL,'2026-06-25 16:07:33','2026-06-25 16:49:10',0),
(140,'1121','应收票据',0,NULL,'ASSET',2,1,'借方',1,0,0,0,0,0,'CNY',NULL,0,NULL,1,1,NULL,'2026-06-25 16:07:33','2026-06-25 16:49:10',0),
(141,'1122','应收账款',0,NULL,'ASSET',2,1,'借方',1,0,0,0,0,0,'CNY',NULL,0,NULL,1,1,NULL,'2026-06-25 16:07:33','2026-06-25 16:49:10',0),
(142,'1123','预付账款',0,NULL,'ASSET',2,1,'借方',0,1,0,0,0,0,'CNY',NULL,0,NULL,1,1,NULL,'2026-06-25 16:07:33','2026-06-25 16:49:10',0),
(143,'1131','应收股利',0,NULL,'ASSET',2,1,'借方',0,0,0,0,0,0,'CNY',NULL,0,NULL,1,1,NULL,'2026-06-25 16:07:33','2026-06-25 16:49:10',0),
(144,'1221','其他应收款',0,NULL,'ASSET',2,1,'借方',0,0,1,0,0,0,'CNY',NULL,0,NULL,1,1,NULL,'2026-06-25 16:07:33','2026-06-25 16:49:10',0),
(145,'1401','材料采购',0,NULL,'ASSET',1,1,'借方',0,0,0,0,0,0,'CNY',NULL,0,NULL,1,1,NULL,'2026-06-25 16:07:33','2026-06-25 16:49:10',0),
(146,'1403','原材料',0,NULL,'ASSET',1,1,'借方',0,0,0,0,0,0,'CNY',NULL,0,NULL,1,1,NULL,'2026-06-25 16:07:33','2026-06-25 16:49:10',0),
(147,'1405','库存商品',0,NULL,'ASSET',1,1,'借方',0,0,0,0,0,0,'CNY',NULL,0,NULL,1,1,NULL,'2026-06-25 16:07:33','2026-06-25 16:49:10',0),
(148,'1411','周转材料',0,NULL,'ASSET',1,1,'借方',0,0,0,0,0,0,'CNY',NULL,0,NULL,1,1,NULL,'2026-06-25 16:07:33','2026-06-25 16:49:10',0),
(149,'1601','固定资产',0,NULL,'ASSET',1,1,'借方',0,0,1,0,0,0,'CNY',NULL,0,NULL,1,1,NULL,'2026-06-25 16:07:33','2026-06-25 16:49:10',0),
(150,'1602','累计折旧',0,NULL,'ASSET',2,1,'贷方',0,0,0,0,0,0,'CNY',NULL,0,NULL,1,1,NULL,'2026-06-25 16:07:33','2026-06-25 16:49:13',0),
(151,'1604','在建工程',0,NULL,'ASSET',1,1,'借方',0,0,1,0,0,0,'CNY',NULL,0,NULL,1,1,NULL,'2026-06-25 16:07:33','2026-06-25 16:49:10',0),
(152,'1701','无形资产',0,NULL,'ASSET',1,1,'借方',0,0,0,0,0,0,'CNY',NULL,0,NULL,1,1,NULL,'2026-06-25 16:07:33','2026-06-25 16:49:10',0),
(153,'1801','长期待摊费用',0,NULL,'ASSET',1,1,'借方',0,0,1,0,0,0,'CNY',NULL,0,NULL,1,1,NULL,'2026-06-25 16:07:33','2026-06-25 16:49:10',0),
(154,'2001','短期借款',0,NULL,'LIAB',2,1,'贷方',0,0,0,0,0,0,'CNY',NULL,0,NULL,1,1,NULL,'2026-06-25 16:07:33','2026-06-25 16:49:13',0),
(155,'2201','应付票据',0,NULL,'LIAB',2,1,'贷方',0,1,0,0,0,0,'CNY',NULL,0,NULL,1,1,NULL,'2026-06-25 16:07:33','2026-06-25 16:49:13',0),
(156,'2202','应付账款',0,NULL,'LIAB',2,1,'贷方',0,1,0,0,0,0,'CNY',NULL,0,NULL,1,1,NULL,'2026-06-25 16:07:33','2026-06-25 16:49:13',0),
(157,'2203','预收账款',0,NULL,'LIAB',2,1,'贷方',1,0,0,0,0,0,'CNY',NULL,0,NULL,1,1,NULL,'2026-06-25 16:07:33','2026-06-25 16:49:13',0),
(158,'2211','应付职工薪酬',0,NULL,'LIAB',2,1,'贷方',0,0,1,0,0,0,'CNY',NULL,0,NULL,1,1,NULL,'2026-06-25 16:07:33','2026-06-25 16:49:13',0),
(159,'2221','应交税费',0,NULL,'LIAB',2,0,'贷方',0,0,0,0,0,0,'CNY',NULL,0,NULL,1,1,NULL,'2026-06-25 16:07:33','2026-06-25 16:49:13',0),
(160,'222101','应交增值税',2221,NULL,'LIAB',3,0,'贷方',0,0,0,0,0,0,'CNY',NULL,0,NULL,1,1,NULL,'2026-06-25 16:07:33','2026-06-26 14:41:25',0),
(161,'222102','未交增值税',2221,NULL,'LIAB',3,1,'贷方',0,0,0,0,0,0,'CNY',NULL,0,NULL,1,1,NULL,'2026-06-25 16:07:33','2026-06-25 16:49:13',0),
(162,'222106','应交所得税',2221,NULL,'LIAB',3,1,'贷方',0,0,0,0,0,0,'CNY',NULL,0,NULL,1,1,NULL,'2026-06-25 16:07:33','2026-06-25 16:49:13',0),
(163,'2231','应付利息',0,NULL,'LIAB',2,1,'贷方',0,0,0,0,0,0,'CNY',NULL,0,NULL,1,1,NULL,'2026-06-25 16:07:33','2026-06-25 16:49:13',0),
(164,'2241','其他应付款',0,NULL,'LIAB',2,1,'贷方',0,0,1,0,0,0,'CNY',NULL,0,NULL,1,1,NULL,'2026-06-25 16:07:33','2026-06-25 16:49:13',0),
(165,'2501','长期借款',0,NULL,'LIAB',1,1,'贷方',0,0,0,0,0,0,'CNY',NULL,0,NULL,1,1,NULL,'2026-06-25 16:07:33','2026-06-25 16:49:13',0),
(166,'4001','实收资本',0,NULL,'EQUITY',1,1,'贷方',0,0,0,0,0,0,'CNY',NULL,0,NULL,1,1,NULL,'2026-06-25 16:07:33','2026-06-25 16:49:13',0),
(167,'4002','资本公积',0,NULL,'EQUITY',1,1,'贷方',0,0,0,0,0,0,'CNY',NULL,0,NULL,1,1,NULL,'2026-06-25 16:07:33','2026-06-25 16:49:13',0),
(168,'4101','盈余公积',0,NULL,'EQUITY',1,1,'贷方',0,0,0,0,0,0,'CNY',NULL,0,NULL,1,1,NULL,'2026-06-25 16:07:33','2026-06-25 16:49:13',0),
(169,'4103','本年利润',0,NULL,'EQUITY',1,1,'贷方',0,0,0,0,0,0,'CNY',NULL,0,NULL,1,1,NULL,'2026-06-25 16:07:33','2026-06-25 16:49:13',0),
(170,'4102','利润分配',0,NULL,'EQUITY',1,1,'贷方',0,0,0,0,0,0,'CNY',NULL,0,NULL,1,1,NULL,'2026-06-25 16:07:33','2026-06-25 16:49:13',0),
(171,'6001','主营业务收入',0,NULL,'INCOME',1,1,'贷方',1,0,1,0,0,0,'CNY',NULL,0,NULL,1,1,NULL,'2026-06-25 16:07:33','2026-06-25 16:49:13',0),
(172,'6051','其他业务收入',0,NULL,'INCOME',1,1,'贷方',1,0,1,0,0,0,'CNY',NULL,0,NULL,1,1,NULL,'2026-06-25 16:07:33','2026-06-25 16:49:13',0),
(173,'6111','投资收益',0,NULL,'INCOME',1,1,'贷方',0,0,0,0,0,0,'CNY',NULL,0,NULL,1,1,NULL,'2026-06-25 16:07:33','2026-06-25 16:49:13',0),
(174,'6301','营业外收入',0,NULL,'INCOME',1,1,'贷方',0,0,0,0,0,0,'CNY',NULL,0,NULL,1,1,NULL,'2026-06-25 16:07:33','2026-06-25 16:49:13',0),
(175,'5401','主营业务成本',0,NULL,'COST',1,1,'借方',1,0,1,0,0,0,'CNY',NULL,0,NULL,1,1,NULL,'2026-06-25 16:07:33','2026-06-25 16:49:10',0),
(176,'5402','其他业务成本',0,NULL,'COST',1,1,'借方',0,0,1,0,0,0,'CNY',NULL,0,NULL,1,1,NULL,'2026-06-25 16:07:33','2026-06-25 16:49:10',0),
(177,'6601','销售费用',0,NULL,'EXPENSE',1,1,'借方',0,0,1,0,0,0,'CNY',NULL,0,NULL,1,1,NULL,'2026-06-25 16:07:33','2026-06-25 16:49:10',0),
(178,'6602','管理费用',0,NULL,'EXPENSE',1,1,'借方',0,0,1,0,0,0,'CNY',NULL,0,NULL,1,1,NULL,'2026-06-25 16:07:33','2026-06-25 16:49:10',0),
(179,'6603','财务费用',0,NULL,'EXPENSE',1,1,'借方',0,0,1,0,0,0,'CNY',NULL,0,NULL,1,1,NULL,'2026-06-25 16:07:33','2026-06-25 16:49:10',0),
(180,'6711','营业外支出',0,NULL,'EXPENSE',1,1,'借方',0,0,1,0,0,0,'CNY',NULL,0,NULL,1,1,NULL,'2026-06-25 16:07:33','2026-06-25 16:49:10',0),
(182,'1102','短期投资',0,NULL,'ASSET',1,1,'借方',0,0,0,0,0,0,'CNY',NULL,0,NULL,1,0,NULL,'2026-06-25 16:41:43','2026-06-25 16:41:43',0),
(183,'1124','应收补贴款',0,NULL,'ASSET',2,1,'借方',0,0,0,0,0,0,'CNY',NULL,0,NULL,1,0,NULL,'2026-06-25 16:41:43','2026-06-25 16:41:43',0),
(184,'1132','应收利息',0,NULL,'ASSET',2,1,'借方',0,0,0,0,0,0,'CNY',NULL,0,NULL,1,0,NULL,'2026-06-25 16:41:43','2026-06-25 16:41:43',0),
(185,'1231','坏账准备',0,NULL,'ASSET',2,1,'贷方',0,0,0,0,0,0,'CNY',NULL,0,NULL,1,0,NULL,'2026-06-25 16:41:43','2026-06-25 16:41:43',0),
(186,'1301','待摊费用',0,NULL,'ASSET',1,1,'借方',0,0,0,0,0,0,'CNY',NULL,0,NULL,1,0,NULL,'2026-06-25 16:41:43','2026-06-25 16:41:43',0),
(187,'1402','在途物资',0,NULL,'ASSET',1,1,'借方',0,0,0,0,0,0,'CNY',NULL,0,NULL,1,0,NULL,'2026-06-25 16:41:43','2026-06-25 16:41:43',0),
(188,'1404','材料成本差异',0,NULL,'ASSET',1,1,'借方',0,0,0,0,0,0,'CNY',NULL,0,NULL,1,0,NULL,'2026-06-25 16:41:43','2026-06-25 16:41:43',0),
(189,'1406','发出商品',0,NULL,'ASSET',1,1,'借方',0,0,0,0,0,0,'CNY',NULL,0,NULL,1,0,NULL,'2026-06-25 16:41:43','2026-06-25 16:41:43',0),
(190,'1407','商品进销差价',0,NULL,'ASSET',1,1,'贷方',0,0,0,0,0,0,'CNY',NULL,0,NULL,1,0,NULL,'2026-06-25 16:41:43','2026-06-25 16:41:43',0),
(191,'1408','委托加工物资',0,NULL,'ASSET',1,1,'借方',0,0,0,0,0,0,'CNY',NULL,0,NULL,1,0,NULL,'2026-06-25 16:41:43','2026-06-25 16:41:43',0),
(192,'1412','包装物',0,NULL,'ASSET',1,1,'借方',0,0,0,0,0,0,'CNY',NULL,0,NULL,1,0,NULL,'2026-06-25 16:41:43','2026-06-25 16:41:43',0),
(193,'1413','低值易耗品',0,NULL,'ASSET',1,1,'借方',0,0,0,0,0,0,'CNY',NULL,0,NULL,1,0,NULL,'2026-06-25 16:41:43','2026-06-25 16:41:43',0),
(194,'1421','消耗性生物资产',0,NULL,'ASSET',1,1,'借方',0,0,0,0,0,0,'CNY',NULL,0,NULL,1,0,NULL,'2026-06-25 16:41:43','2026-06-25 16:41:43',0),
(195,'1431','贵金属',0,NULL,'ASSET',1,1,'借方',0,0,0,0,0,0,'CNY',NULL,0,NULL,1,0,NULL,'2026-06-25 16:41:43','2026-06-25 16:41:43',0),
(196,'1441','抵债资产',0,NULL,'ASSET',1,1,'借方',0,0,0,0,0,0,'CNY',NULL,0,NULL,1,0,NULL,'2026-06-25 16:41:43','2026-06-25 16:41:43',0),
(197,'1461','融资租赁资产',0,NULL,'ASSET',1,1,'借方',0,0,0,0,0,0,'CNY',NULL,0,NULL,1,0,NULL,'2026-06-25 16:41:43','2026-06-25 16:41:43',0),
(198,'1471','存货跌价准备',0,NULL,'ASSET',2,1,'贷方',0,0,0,0,0,0,'CNY',NULL,0,NULL,1,0,NULL,'2026-06-25 16:41:43','2026-06-25 16:41:43',0),
(199,'1481','合同资产',0,NULL,'ASSET',1,1,'借方',0,0,0,0,0,0,'CNY',NULL,0,NULL,1,0,NULL,'2026-06-25 16:41:43','2026-06-25 16:41:43',0),
(200,'1482','合同资产减值准备',0,NULL,'ASSET',2,1,'贷方',0,0,0,0,0,0,'CNY',NULL,0,NULL,1,0,NULL,'2026-06-25 16:41:43','2026-06-25 16:41:43',0),
(201,'1501','债权投资',0,NULL,'ASSET',1,1,'借方',0,0,0,0,0,0,'CNY',NULL,0,NULL,1,0,NULL,'2026-06-25 16:41:43','2026-06-25 16:41:43',0),
(202,'1502','债权投资减值准备',0,NULL,'ASSET',2,1,'贷方',0,0,0,0,0,0,'CNY',NULL,0,NULL,1,0,NULL,'2026-06-25 16:41:43','2026-06-25 16:41:43',0),
(203,'1503','其他债权投资',0,NULL,'ASSET',1,1,'借方',0,0,0,0,0,0,'CNY',NULL,0,NULL,1,0,NULL,'2026-06-25 16:41:43','2026-06-25 16:41:43',0),
(204,'1504','其他权益工具投资',0,NULL,'ASSET',1,1,'借方',0,0,0,0,0,0,'CNY',NULL,0,NULL,1,0,NULL,'2026-06-25 16:41:43','2026-06-25 16:41:43',0),
(205,'1511','长期股权投资',0,NULL,'ASSET',1,1,'借方',0,0,0,0,0,0,'CNY',NULL,0,NULL,1,0,NULL,'2026-06-25 16:41:43','2026-06-25 16:41:43',0),
(206,'1512','长期股权投资减值准备',0,NULL,'ASSET',2,1,'贷方',0,0,0,0,0,0,'CNY',NULL,0,NULL,1,0,NULL,'2026-06-25 16:41:43','2026-06-25 16:41:43',0),
(207,'1521','投资性房地产',0,NULL,'ASSET',1,1,'借方',0,0,0,0,0,0,'CNY',NULL,0,NULL,1,0,NULL,'2026-06-25 16:41:43','2026-06-25 16:41:43',0),
(208,'1522','投资性房地产累计折旧',0,NULL,'ASSET',2,1,'贷方',0,0,0,0,0,0,'CNY',NULL,0,NULL,1,0,NULL,'2026-06-25 16:41:43','2026-06-25 16:41:43',0),
(209,'1523','投资性房地产减值准备',0,NULL,'ASSET',2,1,'贷方',0,0,0,0,0,0,'CNY',NULL,0,NULL,1,0,NULL,'2026-06-25 16:41:43','2026-06-25 16:41:43',0),
(210,'1531','长期应收款',0,NULL,'ASSET',1,1,'借方',0,0,0,0,0,0,'CNY',NULL,0,NULL,1,0,NULL,'2026-06-25 16:41:43','2026-06-25 16:41:43',0),
(211,'1532','未实现融资收益',0,NULL,'ASSET',2,1,'贷方',0,0,0,0,0,0,'CNY',NULL,0,NULL,1,0,NULL,'2026-06-25 16:41:43','2026-06-25 16:41:43',0),
(212,'1541','存出资本保证金',0,NULL,'ASSET',1,1,'借方',0,0,0,0,0,0,'CNY',NULL,0,NULL,1,0,NULL,'2026-06-25 16:41:43','2026-06-25 16:41:43',0),
(213,'1603','固定资产减值准备',0,NULL,'ASSET',2,1,'贷方',0,0,0,0,0,0,'CNY',NULL,0,NULL,1,0,NULL,'2026-06-25 16:41:43','2026-06-25 16:41:43',0),
(214,'1605','工程物资',0,NULL,'ASSET',1,1,'借方',0,0,0,0,0,0,'CNY',NULL,0,NULL,1,0,NULL,'2026-06-25 16:41:43','2026-06-25 16:41:43',0),
(215,'1606','固定资产清理',0,NULL,'ASSET',1,1,'借方',0,0,0,0,0,0,'CNY',NULL,0,NULL,1,0,NULL,'2026-06-25 16:41:43','2026-06-25 16:41:43',0),
(216,'1611','未担保余值',0,NULL,'ASSET',1,1,'借方',0,0,0,0,0,0,'CNY',NULL,0,NULL,1,0,NULL,'2026-06-25 16:41:43','2026-06-25 16:41:43',0),
(217,'1621','生产性生物资产',0,NULL,'ASSET',1,1,'借方',0,0,0,0,0,0,'CNY',NULL,0,NULL,1,0,NULL,'2026-06-25 16:41:43','2026-06-25 16:41:43',0),
(218,'1622','生产性生物资产累计折旧',0,NULL,'ASSET',2,1,'贷方',0,0,0,0,0,0,'CNY',NULL,0,NULL,1,0,NULL,'2026-06-25 16:41:43','2026-06-25 16:41:43',0),
(219,'1631','油气资产',0,NULL,'ASSET',1,1,'借方',0,0,0,0,0,0,'CNY',NULL,0,NULL,1,0,NULL,'2026-06-25 16:41:43','2026-06-25 16:41:43',0),
(220,'1632','累计折耗',0,NULL,'ASSET',2,1,'贷方',0,0,0,0,0,0,'CNY',NULL,0,NULL,1,0,NULL,'2026-06-25 16:41:43','2026-06-25 16:41:43',0),
(221,'1702','累计摊销',0,NULL,'ASSET',2,1,'贷方',0,0,0,0,0,0,'CNY',NULL,0,NULL,1,0,NULL,'2026-06-25 16:41:43','2026-06-25 16:41:43',0),
(222,'1703','无形资产减值准备',0,NULL,'ASSET',2,1,'贷方',0,0,0,0,0,0,'CNY',NULL,0,NULL,1,0,NULL,'2026-06-25 16:41:43','2026-06-25 16:41:43',0),
(223,'1711','商誉',0,NULL,'ASSET',1,1,'借方',0,0,0,0,0,0,'CNY',NULL,0,NULL,1,0,NULL,'2026-06-25 16:41:43','2026-06-25 16:41:43',0),
(224,'1712','商誉减值准备',0,NULL,'ASSET',2,1,'贷方',0,0,0,0,0,0,'CNY',NULL,0,NULL,1,0,NULL,'2026-06-25 16:41:43','2026-06-25 16:41:43',0),
(225,'1802','递延所得税资产',0,NULL,'ASSET',1,1,'借方',0,0,0,0,0,0,'CNY',NULL,0,NULL,1,0,NULL,'2026-06-25 16:41:43','2026-06-25 16:41:43',0),
(226,'1811','待处理财产损溢',0,NULL,'ASSET',1,1,'借方',0,0,0,0,0,0,'CNY',NULL,0,NULL,1,0,NULL,'2026-06-25 16:41:43','2026-06-25 16:41:43',0),
(227,'1901','其他非流动资产',0,NULL,'ASSET',1,1,'借方',0,0,0,0,0,0,'CNY',NULL,0,NULL,1,0,NULL,'2026-06-25 16:41:43','2026-06-25 16:41:43',0),
(228,'2002','存入保证金',0,NULL,'LIAB',2,1,'贷方',0,0,0,0,0,0,'CNY',NULL,0,NULL,1,0,NULL,'2026-06-25 16:41:43','2026-06-25 16:41:43',0),
(229,'2101','交易性金融负债',0,NULL,'LIAB',1,1,'贷方',0,0,0,0,0,0,'CNY',NULL,0,NULL,1,0,NULL,'2026-06-25 16:41:43','2026-06-25 16:41:43',0),
(230,'2111','卖出回购金融资产款',0,NULL,'LIAB',1,1,'贷方',0,0,0,0,0,0,'CNY',NULL,0,NULL,1,0,NULL,'2026-06-25 16:41:43','2026-06-25 16:41:43',0),
(231,'2204','合同负债',0,NULL,'LIAB',2,1,'贷方',0,0,0,0,0,0,'CNY',NULL,0,NULL,1,0,NULL,'2026-06-25 16:41:43','2026-06-25 16:41:43',0),
(232,'222103','应交消费税',0,NULL,'LIAB',3,1,'贷方',0,0,0,0,0,0,'CNY',NULL,0,NULL,1,0,NULL,'2026-06-25 16:41:43','2026-06-25 16:41:43',0),
(233,'222104','应交资源税',0,NULL,'LIAB',3,1,'贷方',0,0,0,0,0,0,'CNY',NULL,0,NULL,1,0,NULL,'2026-06-25 16:41:43','2026-06-26 14:41:25',0),
(234,'222105','应交资源税',0,NULL,'LIAB',3,1,'贷方',0,0,0,0,0,0,'CNY',NULL,0,NULL,1,0,NULL,'2026-06-25 16:41:43','2026-06-25 16:41:43',0),
(235,'222107','应交土地增值税',0,NULL,'LIAB',3,1,'贷方',0,0,0,0,0,0,'CNY',NULL,0,NULL,1,0,NULL,'2026-06-25 16:41:43','2026-06-25 16:41:43',0),
(236,'222108','应交城市维护建设税',0,NULL,'LIAB',3,1,'贷方',0,0,0,0,0,0,'CNY',NULL,0,NULL,1,0,NULL,'2026-06-25 16:41:43','2026-06-25 16:41:43',0),
(237,'222109','应交房产税',0,NULL,'LIAB',3,1,'贷方',0,0,0,0,0,0,'CNY',NULL,0,NULL,1,0,NULL,'2026-06-25 16:41:43','2026-06-25 16:41:43',0),
(238,'222110','应交土地使用税',0,NULL,'LIAB',3,1,'贷方',0,0,0,0,0,0,'CNY',NULL,0,NULL,1,0,NULL,'2026-06-25 16:41:43','2026-06-25 16:41:43',0),
(239,'222111','应交车船税',0,NULL,'LIAB',3,1,'贷方',0,0,0,0,0,0,'CNY',NULL,0,NULL,1,0,NULL,'2026-06-25 16:41:43','2026-06-25 16:41:43',0),
(240,'222112','应交个人所得税',0,NULL,'LIAB',3,1,'贷方',0,0,0,0,0,0,'CNY',NULL,0,NULL,1,0,NULL,'2026-06-25 16:41:43','2026-06-25 16:41:43',0),
(241,'222113','应交教育费附加',0,NULL,'LIAB',3,1,'贷方',0,0,0,0,0,0,'CNY',NULL,0,NULL,1,0,NULL,'2026-06-25 16:41:43','2026-06-25 16:41:43',0),
(242,'222114','应交地方教育附加',0,NULL,'LIAB',3,1,'贷方',0,0,0,0,0,0,'CNY',NULL,0,NULL,1,0,NULL,'2026-06-25 16:41:43','2026-06-25 16:41:43',0),
(243,'222115','应交印花税',0,NULL,'LIAB',3,1,'贷方',0,0,0,0,0,0,'CNY',NULL,0,NULL,1,0,NULL,'2026-06-25 16:41:43','2026-06-25 16:41:43',0),
(244,'2232','应付股利',0,NULL,'LIAB',2,1,'贷方',0,0,0,0,0,0,'CNY',NULL,0,NULL,1,0,NULL,'2026-06-25 16:41:43','2026-06-25 16:41:43',0),
(245,'2233','其他应付款-押金',0,NULL,'LIAB',2,1,'贷方',0,0,0,0,0,0,'CNY',NULL,0,NULL,1,0,NULL,'2026-06-25 16:41:43','2026-06-25 16:41:43',0),
(246,'2234','应付暂收款',0,NULL,'LIAB',2,1,'贷方',0,0,0,0,0,0,'CNY',NULL,0,NULL,1,0,NULL,'2026-06-25 16:41:43','2026-06-25 16:41:43',0),
(247,'2401','递延收益-政府补助',0,NULL,'LIAB',1,1,'贷方',0,0,0,0,0,0,'CNY',NULL,0,NULL,1,0,NULL,'2026-06-25 16:41:43','2026-06-25 16:41:43',0),
(248,'2402','专项应付款',0,NULL,'LIAB',1,1,'贷方',0,0,0,0,0,0,'CNY',NULL,0,NULL,1,0,NULL,'2026-06-25 16:41:43','2026-06-25 16:41:43',0),
(249,'2502','应付债券',0,NULL,'LIAB',1,1,'贷方',0,0,0,0,0,0,'CNY',NULL,0,NULL,1,0,NULL,'2026-06-25 16:41:43','2026-06-25 16:41:43',0),
(250,'2701','长期应付款',0,NULL,'LIAB',1,1,'贷方',0,0,0,0,0,0,'CNY',NULL,0,NULL,1,0,NULL,'2026-06-25 16:41:43','2026-06-25 16:41:43',0),
(251,'2702','未确认融资费用',0,NULL,'LIAB',2,1,'借方',0,0,0,0,0,0,'CNY',NULL,0,NULL,1,0,NULL,'2026-06-25 16:41:43','2026-06-25 16:41:43',0),
(252,'2711','预计负债',0,NULL,'LIAB',1,1,'贷方',0,0,0,0,0,0,'CNY',NULL,0,NULL,1,0,NULL,'2026-06-25 16:41:43','2026-06-25 16:41:43',0),
(253,'2712','递延收益',0,NULL,'LIAB',1,1,'贷方',0,0,0,0,0,0,'CNY',NULL,0,NULL,1,0,NULL,'2026-06-25 16:41:43','2026-06-25 16:41:43',0),
(254,'2801','递延所得税负债',0,NULL,'LIAB',1,1,'贷方',0,0,0,0,0,0,'CNY',NULL,0,NULL,1,0,NULL,'2026-06-25 16:41:43','2026-06-25 16:41:43',0),
(255,'4003','其他综合收益',0,NULL,'EQUITY',1,1,'贷方',0,0,0,0,0,0,'CNY',NULL,0,NULL,1,0,NULL,'2026-06-25 16:41:43','2026-06-25 16:41:43',0),
(256,'4104','库存股',0,NULL,'EQUITY',1,1,'借方',0,0,0,0,0,0,'CNY',NULL,0,NULL,1,0,NULL,'2026-06-25 16:41:43','2026-06-25 16:41:43',0),
(257,'4105','专项储备',0,NULL,'EQUITY',1,1,'贷方',0,0,0,0,0,0,'CNY',NULL,0,NULL,1,0,NULL,'2026-06-25 16:41:43','2026-06-25 16:41:43',0),
(258,'4201','一般风险准备',0,NULL,'EQUITY',1,1,'贷方',0,0,0,0,0,0,'CNY',NULL,0,NULL,1,0,NULL,'2026-06-25 16:41:43','2026-06-25 16:41:43',0),
(259,'4301','未分配利润',0,NULL,'EQUITY',1,1,'贷方',0,0,0,0,0,0,'CNY',NULL,0,NULL,1,0,NULL,'2026-06-25 16:41:43','2026-06-25 16:41:43',0),
(260,'5101','制造费用',0,NULL,'COST',1,1,'借方',0,0,0,0,0,0,'CNY',NULL,0,NULL,1,0,NULL,'2026-06-25 16:41:43','2026-06-25 16:41:43',0),
(261,'5201','劳务成本',0,NULL,'COST',1,1,'借方',0,0,0,0,0,0,'CNY',NULL,0,NULL,1,0,NULL,'2026-06-25 16:41:43','2026-06-25 16:41:43',0),
(262,'5301','研发支出',0,NULL,'COST',1,1,'借方',0,0,0,0,0,0,'CNY',NULL,0,NULL,1,0,NULL,'2026-06-25 16:41:43','2026-06-25 16:41:43',0),
(263,'5501','合同履约成本',0,NULL,'COST',1,1,'借方',0,0,0,0,0,0,'CNY',NULL,0,NULL,1,0,NULL,'2026-06-25 16:41:43','2026-06-25 16:41:43',0),
(264,'5601','合同取得成本',0,NULL,'COST',1,1,'借方',0,0,0,0,0,0,'CNY',NULL,0,NULL,1,0,NULL,'2026-06-25 16:41:43','2026-06-25 16:41:43',0),
(265,'3001','清算资金往来',0,NULL,'COMMON',1,1,'借方',0,0,0,0,0,0,'CNY',NULL,0,NULL,1,0,NULL,'2026-06-25 16:41:43','2026-06-25 16:41:43',0),
(266,'3002','货币兑换',0,NULL,'COMMON',1,1,'借方',0,0,0,0,0,0,'CNY',NULL,0,NULL,1,0,NULL,'2026-06-25 16:41:43','2026-06-25 16:41:43',0),
(267,'3101','衍生工具',0,NULL,'COMMON',1,1,'借方',0,0,0,0,0,0,'CNY',NULL,0,NULL,1,0,NULL,'2026-06-25 16:41:43','2026-06-25 16:41:43',0),
(268,'3102','套期工具',0,NULL,'COMMON',1,1,'借方',0,0,0,0,0,0,'CNY',NULL,0,NULL,1,0,NULL,'2026-06-25 16:41:43','2026-06-25 16:41:43',0),
(269,'3103','被套期项目',0,NULL,'COMMON',1,1,'借方',0,0,0,0,0,0,'CNY',NULL,0,NULL,1,0,NULL,'2026-06-25 16:41:43','2026-06-25 16:41:43',0),
(270,'6011','利息收入',0,NULL,'INCOME',1,1,'贷方',0,0,0,0,0,0,'CNY',NULL,0,NULL,1,0,NULL,'2026-06-25 16:41:43','2026-06-25 16:41:43',0),
(271,'6021','手续费及佣金收入',0,NULL,'INCOME',1,1,'贷方',0,0,0,0,0,0,'CNY',NULL,0,NULL,1,0,NULL,'2026-06-25 16:41:43','2026-06-25 16:41:43',0),
(272,'6031','保费收入',0,NULL,'INCOME',1,1,'贷方',0,0,0,0,0,0,'CNY',NULL,0,NULL,1,0,NULL,'2026-06-25 16:41:43','2026-06-25 16:41:43',0),
(273,'6041','租赁收入',0,NULL,'INCOME',1,1,'贷方',0,0,0,0,0,0,'CNY',NULL,0,NULL,1,0,NULL,'2026-06-25 16:41:43','2026-06-25 16:41:43',0),
(274,'6061','汇兑收益',0,NULL,'INCOME',1,1,'贷方',0,0,0,0,0,0,'CNY',NULL,0,NULL,1,0,NULL,'2026-06-25 16:41:43','2026-06-25 16:41:43',0),
(275,'6101','公允价值变动损益',0,NULL,'INCOME',1,1,'贷方',0,0,0,0,0,0,'CNY',NULL,0,NULL,1,0,NULL,'2026-06-25 16:41:43','2026-06-25 16:41:43',0),
(276,'6201','以前年度损益调整',0,NULL,'INCOME',1,1,'贷方',0,0,0,0,0,0,'CNY',NULL,0,NULL,1,0,NULL,'2026-06-25 16:41:43','2026-06-25 16:41:43',0),
(277,'6401','税金及附加',0,NULL,'EXPENSE',1,1,'借方',0,0,0,0,0,0,'CNY',NULL,0,NULL,1,0,NULL,'2026-06-25 16:41:43','2026-06-25 16:41:43',0),
(278,'6402','资源税',0,NULL,'EXPENSE',1,1,'借方',0,0,0,0,0,0,'CNY',NULL,0,NULL,1,0,NULL,'2026-06-25 16:41:43','2026-06-25 16:41:43',0),
(279,'6701','资产减值损失',0,NULL,'EXPENSE',1,1,'借方',0,0,0,0,0,0,'CNY',NULL,0,NULL,1,0,NULL,'2026-06-25 16:41:43','2026-06-25 16:41:43',0),
(280,'6702','信用减值损失',0,NULL,'EXPENSE',1,1,'借方',0,0,0,0,0,0,'CNY',NULL,0,NULL,1,0,NULL,'2026-06-25 16:41:43','2026-06-25 16:41:43',0),
(281,'6801','所得税费用',0,NULL,'EXPENSE',1,1,'借方',0,0,0,0,0,0,'CNY',NULL,0,NULL,1,0,NULL,'2026-06-25 16:41:43','2026-06-25 16:41:43',0),
(282,'6802','递延所得税费用',0,NULL,'EXPENSE',1,1,'借方',0,0,0,0,0,0,'CNY',NULL,0,NULL,1,0,NULL,'2026-06-25 16:41:43','2026-06-25 16:41:43',0),
(283,'6901','少数股东损益',0,NULL,'EXPENSE',1,1,'借方',0,0,0,0,0,0,'CNY',NULL,0,NULL,1,0,NULL,'2026-06-25 16:41:43','2026-06-25 16:41:43',0),
(284,'22210101','进项税额',160,'222101','LIAB',4,1,'贷方',0,0,0,0,0,0,'CNY',NULL,0,NULL,1,1,NULL,'2026-06-26 14:41:25','2026-06-26 14:41:25',0),
(285,'22210102','已交税金',160,'222101','LIAB',4,1,'贷方',0,0,0,0,0,0,'CNY',NULL,0,NULL,1,1,NULL,'2026-06-26 14:41:25','2026-06-26 14:41:25',0),
(286,'22210103','转出未交增值税',160,'222101','LIAB',4,1,'贷方',0,0,0,0,0,0,'CNY',NULL,0,NULL,1,1,NULL,'2026-06-26 14:41:25','2026-06-26 14:41:25',0),
(287,'22210104','减免税款',160,'222101','LIAB',4,1,'贷方',0,0,0,0,0,0,'CNY',NULL,0,NULL,1,1,NULL,'2026-06-26 14:41:25','2026-06-26 14:41:25',0),
(288,'22210105','销项税额',160,'222101','LIAB',4,1,'贷方',0,0,0,0,0,0,'CNY',NULL,0,NULL,1,1,NULL,'2026-06-26 14:41:25','2026-06-26 14:41:25',0),
(289,'22210106','出口退税',160,'222101','LIAB',4,1,'贷方',0,0,0,0,0,0,'CNY',NULL,0,NULL,1,1,NULL,'2026-06-26 14:41:25','2026-06-26 14:41:25',0),
(290,'22210107','进项税额转出',160,'222101','LIAB',4,1,'贷方',0,0,0,0,0,0,'CNY',NULL,0,NULL,1,1,NULL,'2026-06-26 14:41:25','2026-06-26 14:41:25',0),
(291,'22210108','转出多交增值税',160,'222101','LIAB',4,1,'贷方',0,0,0,0,0,0,'CNY',NULL,0,NULL,1,1,NULL,'2026-06-26 14:41:25','2026-06-26 14:41:25',0),
(292,'4401','其他权益',259,'4','EQUITY',2,1,'贷方',0,0,0,0,0,0,'CNY',NULL,0,NULL,1,1,NULL,'2026-06-26 15:13:11','2026-06-26 15:13:11',0);
/*!40000 ALTER TABLE `gl_account_subject` ENABLE KEYS */;
UNLOCK TABLES;

--
-- Dumping data for table `cash_journal`
--

LOCK TABLES `cash_journal` WRITE;
/*!40000 ALTER TABLE `cash_journal` DISABLE KEYS */;
INSERT INTO `cash_journal` (`id`, `account_id`, `account_code`, `trans_date`, `trans_type`, `amount`, `subject_code`, `summary`, `voucher_id`, `source`, `source_id`, `customer_id`, `supplier_id`, `dept_id`, `employee_id`, `status`, `create_by`, `create_time`, `update_time`, `deleted`) VALUES (37,2,'BANK001','2026-06-05','IN',350000.00,NULL,'CF01|销售商品、提供劳务收到的现金',NULL,'MANUAL',NULL,NULL,NULL,NULL,NULL,'POSTED',NULL,'2026-06-25 16:07:34','2026-06-25 16:07:34',0),
(38,2,'BANK001','2026-06-08','IN',15000.00,NULL,'CF02|收到的税费返还',NULL,'MANUAL',NULL,NULL,NULL,NULL,NULL,'POSTED',NULL,'2026-06-25 16:07:34','2026-06-25 16:07:34',0),
(39,2,'BANK001','2026-06-10','OUT',180000.00,NULL,'CF04|购买商品、接受劳务支付的现金',NULL,'MANUAL',NULL,NULL,NULL,NULL,NULL,'POSTED',NULL,'2026-06-25 16:07:34','2026-06-25 16:07:34',0),
(40,2,'BANK001','2026-06-15','OUT',85000.00,NULL,'CF05|支付给职工以及为职工支付的现金',NULL,'MANUAL',NULL,NULL,NULL,NULL,NULL,'POSTED',NULL,'2026-06-25 16:07:34','2026-06-25 16:07:34',0),
(41,2,'BANK001','2026-06-18','OUT',42000.00,NULL,'CF06|支付的各项税费',NULL,'MANUAL',NULL,NULL,NULL,NULL,NULL,'POSTED',NULL,'2026-06-25 16:07:34','2026-06-25 16:07:34',0),
(42,2,'BANK001','2026-06-20','IN',50000.00,NULL,'CF08|收回投资收到的现金',NULL,'MANUAL',NULL,NULL,NULL,NULL,NULL,'POSTED',NULL,'2026-06-25 16:07:34','2026-06-25 16:07:34',0),
(43,2,'BANK001','2026-06-22','OUT',80000.00,NULL,'CF10|投资支付的现金',NULL,'MANUAL',NULL,NULL,NULL,NULL,NULL,'POSTED',NULL,'2026-06-25 16:07:34','2026-06-25 16:07:34',0),
(44,2,'BANK001','2026-06-25','IN',200000.00,NULL,'CF11|取得借款收到的现金',NULL,'MANUAL',NULL,NULL,NULL,NULL,NULL,'POSTED',NULL,'2026-06-25 16:07:34','2026-06-25 16:07:34',0),
(45,2,'BANK001','2026-06-28','OUT',120000.00,NULL,'CF12|偿还债务支付的现金',NULL,'MANUAL',NULL,NULL,NULL,NULL,NULL,'POSTED',NULL,'2026-06-25 16:07:34','2026-06-25 16:07:34',0),
(46,2,'BANK001','2026-06-27','BANK',1000.00,NULL,'测试单号生成',NULL,'MANUAL',NULL,NULL,NULL,NULL,NULL,'DRAFT',NULL,'2026-06-26 16:03:49','2026-06-26 16:03:49',0);
/*!40000 ALTER TABLE `cash_journal` ENABLE KEYS */;
UNLOCK TABLES;

--
-- Dumping data for table `gl_voucher`
--

LOCK TABLES `gl_voucher` WRITE;
/*!40000 ALTER TABLE `gl_voucher` DISABLE KEYS */;
INSERT INTO `gl_voucher` (`id`, `voucher_no`, `voucher_type`, `period_code`, `voucher_date`, `attach_count`, `total_debit`, `total_credit`, `summary`, `source`, `source_biz`, `source_id`, `status`, `is_cash`, `is_audit`, `create_by`, `create_by_name`, `audit_by`, `audit_by_name`, `audit_time`, `post_by`, `post_time`, `cancel_by`, `cancel_time`, `cancel_reason`, `remark`, `create_time`, `update_time`, `deleted`) VALUES (1,'2026-06-0001','JZ','202606','2026-06-26',0,5987.00,5987.00,'','MANUAL',NULL,NULL,'DRAFT',0,0,NULL,NULL,NULL,NULL,NULL,NULL,NULL,NULL,NULL,NULL,NULL,'2026-06-26 10:21:00','2026-06-26 02:20:51',0),
(2,'2026-06-0002','JZ','202606','2026-06-26',0,11300.00,11300.00,'销售商品','MANUAL',NULL,NULL,'DRAFT',0,0,NULL,NULL,NULL,NULL,NULL,NULL,NULL,NULL,NULL,NULL,NULL,'2026-06-26 14:34:16','2026-06-26 14:34:16',0),
(3,'2026-06-0003','JZ','202606','2026-06-20',0,11300.00,11300.00,'采购商品','MANUAL',NULL,NULL,'DRAFT',0,0,NULL,NULL,NULL,NULL,NULL,NULL,NULL,NULL,NULL,NULL,NULL,'2026-06-26 14:34:16','2026-06-26 14:34:16',0),
(4,'2026-06-0004','JZ','202606','2026-06-15',0,5300.00,5300.00,'支付广告费','MANUAL',NULL,NULL,'DRAFT',0,0,NULL,NULL,NULL,NULL,NULL,NULL,NULL,NULL,NULL,NULL,NULL,'2026-06-26 14:34:16','2026-06-26 14:34:16',0),
(5,'2026-07-0005','JZ','202607','2026-07-15',0,56500.00,56500.00,'销售商品','MANUAL',NULL,NULL,'DRAFT',0,0,NULL,NULL,NULL,NULL,NULL,NULL,NULL,NULL,NULL,NULL,NULL,'2026-06-26 14:37:18','2026-06-26 14:37:18',0),
(6,'2026-07-0006','JZ','202607','2026-07-10',0,2260.00,2260.00,'采购办公用品','MANUAL',NULL,NULL,'DRAFT',0,0,NULL,NULL,NULL,NULL,NULL,NULL,NULL,NULL,NULL,NULL,NULL,'2026-06-26 14:37:18','2026-06-26 14:37:18',0);
/*!40000 ALTER TABLE `gl_voucher` ENABLE KEYS */;
UNLOCK TABLES;

--
-- Dumping data for table `gl_voucher_entry`
--

LOCK TABLES `gl_voucher_entry` WRITE;
/*!40000 ALTER TABLE `gl_voucher_entry` DISABLE KEYS */;
INSERT INTO `gl_voucher_entry` (`id`, `voucher_id`, `line_no`, `subject_code`, `subject_name`, `dc_direction`, `amount`, `currency_code`, `orig_amount`, `exchange_rate`, `quantity`, `price`, `aux_customer_id`, `aux_supplier_id`, `aux_dept_id`, `aux_project_id`, `aux_employee_id`, `aux_product_id`, `aux_summary`, `cash_flow_id`) VALUES (1,1,1,'1001','库存现金','DEBIT',5987.00,'CNY',NULL,1.00000000,NULL,NULL,NULL,NULL,NULL,NULL,NULL,NULL,'',NULL),
(2,2,1,'1002','银行存款','DEBIT',11300.00,'CNY',NULL,1.00000000,NULL,NULL,NULL,NULL,NULL,NULL,NULL,NULL,NULL,NULL),
(3,2,2,'6001','主营业务收入','CREDIT',10000.00,'CNY',NULL,1.00000000,NULL,NULL,NULL,NULL,NULL,NULL,NULL,NULL,NULL,NULL),
(4,2,3,'22210105','销项税额','CREDIT',1300.00,'CNY',NULL,1.00000000,NULL,NULL,NULL,NULL,NULL,NULL,NULL,NULL,NULL,NULL),
(5,3,1,'1405','库存商品','DEBIT',10000.00,'CNY',NULL,1.00000000,NULL,NULL,NULL,NULL,NULL,NULL,NULL,NULL,NULL,NULL),
(6,3,2,'22210101','进项税额','DEBIT',1300.00,'CNY',NULL,1.00000000,NULL,NULL,NULL,NULL,NULL,NULL,NULL,NULL,NULL,NULL),
(7,3,3,'1002','银行存款','CREDIT',11300.00,'CNY',NULL,1.00000000,NULL,NULL,NULL,NULL,NULL,NULL,NULL,NULL,NULL,NULL),
(8,4,1,'6601','销售费用','DEBIT',5000.00,'CNY',NULL,1.00000000,NULL,NULL,NULL,NULL,NULL,NULL,NULL,NULL,NULL,NULL),
(9,4,2,'22210101','进项税额','DEBIT',300.00,'CNY',NULL,1.00000000,NULL,NULL,NULL,NULL,NULL,NULL,NULL,NULL,NULL,NULL),
(10,4,3,'1002','银行存款','CREDIT',5300.00,'CNY',NULL,1.00000000,NULL,NULL,NULL,NULL,NULL,NULL,NULL,NULL,NULL,NULL),
(11,5,1,'1002','银行存款','DEBIT',56500.00,'CNY',NULL,1.00000000,NULL,NULL,NULL,NULL,NULL,NULL,NULL,NULL,NULL,NULL),
(12,5,2,'6001','主营业务收入','CREDIT',50000.00,'CNY',NULL,1.00000000,NULL,NULL,NULL,NULL,NULL,NULL,NULL,NULL,NULL,NULL),
(13,5,3,'22210105','销项税额','CREDIT',6500.00,'CNY',NULL,1.00000000,NULL,NULL,NULL,NULL,NULL,NULL,NULL,NULL,NULL,NULL),
(14,6,1,'6602','管理费用','DEBIT',2000.00,'CNY',NULL,1.00000000,NULL,NULL,NULL,NULL,NULL,NULL,NULL,NULL,NULL,NULL),
(15,6,2,'22210101','进项税额','DEBIT',260.00,'CNY',NULL,1.00000000,NULL,NULL,NULL,NULL,NULL,NULL,NULL,NULL,NULL,NULL),
(16,6,3,'1002','银行存款','CREDIT',2260.00,'CNY',NULL,1.00000000,NULL,NULL,NULL,NULL,NULL,NULL,NULL,NULL,NULL,NULL);
/*!40000 ALTER TABLE `gl_voucher_entry` ENABLE KEYS */;
UNLOCK TABLES;

--
-- Dumping data for table `gl_balance`
--

LOCK TABLES `gl_balance` WRITE;
/*!40000 ALTER TABLE `gl_balance` DISABLE KEYS */;
INSERT INTO `gl_balance` (`id`, `period_code`, `subject_code`, `currency_code`, `opening_debit`, `opening_credit`, `period_debit`, `period_credit`, `year_debit`, `year_credit`, `ending_debit`, `ending_credit`, `aux_customer_id`, `aux_supplier_id`, `aux_dept_id`, `aux_project_id`, `aux_employee_id`, `aux_product_id`) VALUES (65,'202606','1001','CNY',48000.00,0.00,10000.00,8000.00,60000.00,48000.00,50000.00,0.00,NULL,NULL,NULL,NULL,NULL,NULL),
(66,'202606','1002','CNY',480000.00,0.00,350000.00,280000.00,2100000.00,1680000.00,550000.00,0.00,NULL,NULL,NULL,NULL,NULL,NULL),
(67,'202606','1122','CNY',120000.00,0.00,80000.00,50000.00,480000.00,300000.00,150000.00,0.00,NULL,NULL,NULL,NULL,NULL,NULL),
(68,'202606','1405','CNY',200000.00,0.00,60000.00,40000.00,360000.00,240000.00,220000.00,0.00,NULL,NULL,NULL,NULL,NULL,NULL),
(69,'202606','1601','CNY',800000.00,0.00,0.00,0.00,0.00,0.00,800000.00,0.00,NULL,NULL,NULL,NULL,NULL,NULL),
(70,'202606','1602','CNY',0.00,120000.00,0.00,8000.00,0.00,48000.00,0.00,128000.00,NULL,NULL,NULL,NULL,NULL,NULL),
(71,'202606','2202','CNY',0.00,80000.00,30000.00,50000.00,180000.00,300000.00,0.00,100000.00,NULL,NULL,NULL,NULL,NULL,NULL),
(72,'202606','222101','CNY',0.00,15000.00,5000.00,12000.00,30000.00,72000.00,0.00,22000.00,NULL,NULL,NULL,NULL,NULL,NULL),
(73,'202606','4001','CNY',0.00,1000000.00,0.00,0.00,0.00,0.00,0.00,1000000.00,NULL,NULL,NULL,NULL,NULL,NULL),
(74,'202606','4103','CNY',0.00,150000.00,0.00,50000.00,0.00,300000.00,0.00,200000.00,NULL,NULL,NULL,NULL,NULL,NULL),
(75,'202606','6001','CNY',0.00,0.00,0.00,200000.00,0.00,1200000.00,0.00,200000.00,NULL,NULL,NULL,NULL,NULL,NULL),
(76,'202606','6051','CNY',0.00,0.00,0.00,30000.00,0.00,180000.00,0.00,30000.00,NULL,NULL,NULL,NULL,NULL,NULL),
(77,'202606','5401','CNY',0.00,0.00,120000.00,0.00,720000.00,0.00,120000.00,0.00,NULL,NULL,NULL,NULL,NULL,NULL),
(78,'202606','6601','CNY',0.00,0.00,20000.00,0.00,120000.00,0.00,20000.00,0.00,NULL,NULL,NULL,NULL,NULL,NULL),
(79,'202606','6602','CNY',0.00,0.00,35000.00,0.00,210000.00,0.00,35000.00,0.00,NULL,NULL,NULL,NULL,NULL,NULL),
(80,'202606','6603','CNY',0.00,0.00,5000.00,0.00,30000.00,0.00,5000.00,0.00,NULL,NULL,NULL,NULL,NULL,NULL);
/*!40000 ALTER TABLE `gl_balance` ENABLE KEYS */;
UNLOCK TABLES;

--
-- Dumping data for table `gl_period`
--

LOCK TABLES `gl_period` WRITE;
/*!40000 ALTER TABLE `gl_period` DISABLE KEYS */;
INSERT INTO `gl_period` (`id`, `period_code`, `period_name`, `start_date`, `end_date`, `fiscal_year`, `period_index`, `status`, `is_adjust`, `create_time`, `update_time`, `deleted`) VALUES (37,'202601','2026年1月','2026-01-01','2026-01-31',2026,1,'OPEN',0,'2026-06-25 16:07:34','2026-06-25 16:07:34',0),
(38,'202602','2026年2月','2026-02-01','2026-02-28',2026,2,'OPEN',0,'2026-06-25 16:07:34','2026-06-25 16:07:34',0),
(39,'202603','2026年3月','2026-03-01','2026-03-31',2026,3,'OPEN',0,'2026-06-25 16:07:34','2026-06-25 16:07:34',0),
(40,'202604','2026年4月','2026-04-01','2026-04-30',2026,4,'OPEN',0,'2026-06-25 16:07:34','2026-06-25 16:07:34',0),
(41,'202605','2026年5月','2026-05-01','2026-05-31',2026,5,'OPEN',0,'2026-06-25 16:07:34','2026-06-25 16:07:34',0),
(42,'202606','2026年6月','2026-06-01','2026-06-30',2026,6,'OPEN',0,'2026-06-25 16:07:34','2026-06-25 16:07:34',0),
(43,'202607','2026年7月','2026-07-01','2026-07-31',2026,7,'OPEN',0,'2026-06-25 16:07:34','2026-06-25 16:07:34',0),
(44,'202608','2026年8月','2026-08-01','2026-08-31',2026,8,'OPEN',0,'2026-06-25 16:07:34','2026-06-25 16:07:34',0),
(45,'202609','2026年9月','2026-09-01','2026-09-30',2026,9,'OPEN',0,'2026-06-25 16:07:34','2026-06-25 16:07:34',0),
(46,'202610','2026年10月','2026-10-01','2026-10-31',2026,10,'OPEN',0,'2026-06-25 16:07:34','2026-06-25 16:07:34',0),
(47,'202611','2026年11月','2026-11-01','2026-11-30',2026,11,'OPEN',0,'2026-06-25 16:07:34','2026-06-25 16:07:34',0),
(48,'202612','2026年12月','2026-12-01','2026-12-31',2026,12,'OPEN',0,'2026-06-25 16:07:34','2026-06-25 16:07:34',0);
/*!40000 ALTER TABLE `gl_period` ENABLE KEYS */;
UNLOCK TABLES;
/*!40103 SET TIME_ZONE=@OLD_TIME_ZONE */;

/*!40101 SET SQL_MODE=@OLD_SQL_MODE */;
/*!40014 SET FOREIGN_KEY_CHECKS=@OLD_FOREIGN_KEY_CHECKS */;
/*!40101 SET CHARACTER_SET_CLIENT=@OLD_CHARACTER_SET_CLIENT */;
/*!40101 SET CHARACTER_SET_RESULTS=@OLD_CHARACTER_SET_RESULTS */;
/*!40101 SET COLLATION_CONNECTION=@OLD_COLLATION_CONNECTION */;
/*!40111 SET SQL_NOTES=@OLD_SQL_NOTES */;

-- Dump completed on 2026-06-27  1:02:08
